2026-06-29 14:37:42.801 [restartedMain] INFO  org.tour.tourplannerbackend.TourplannerbackendApplication - Starting TourplannerbackendApplication using Java 26 with PID 4404 (C:\Users\lenag\OneDrive\Desktop\FH_Technikum\4. Semester\SWEN\tourplanner\tourplanner-backend\target\classes started by lenag in C:\Users\lenag\OneDrive\Desktop\FH_Technikum\4. Semester\SWEN\tourplanner\tourplanner-backend)
2026-06-29 14:37:42.830 [restartedMain] DEBUG org.tour.tourplannerbackend.TourplannerbackendApplication - Running with Spring Boot v4.0.5, Spring v7.0.6
2026-06-29 14:37:42.832 [restartedMain] INFO  org.tour.tourplannerbackend.TourplannerbackendApplication - No active profile set, falling back to 1 default profile: "default"
2026-06-29 14:37:42.984 [restartedMain] INFO  org.springframework.boot.devtools.env.DevToolsPropertyDefaultsPostProcessor - Devtools property defaults active! Set 'spring.devtools.add-properties' to 'false' to disable
2026-06-29 14:37:42.985 [restartedMain] INFO  org.springframework.boot.devtools.env.DevToolsPropertyDefaultsPostProcessor - For additional web related logging consider setting the 'logging.level.web' property to 'DEBUG'
2026-06-29 14:37:43.680 [background-preinit] INFO  org.hibernate.validator.internal.util.Version - HV000001: Hibernate Validator 8.0.0.Final
2026-06-29 14:37:45.491 [restartedMain] INFO  org.springframework.data.repository.config.RepositoryConfigurationDelegate - Bootstrapping Spring Data JPA repositories in DEFAULT mode.
2026-06-29 14:37:45.657 [restartedMain] INFO  org.springframework.data.repository.config.RepositoryConfigurationDelegate - Finished Spring Data repository scanning in 143 ms. Found 4 JPA repository interfaces.
2026-06-29 14:37:46.742 [restartedMain] INFO  org.springframework.boot.tomcat.TomcatWebServer - Tomcat initialized with port 8080 (http)
2026-06-29 14:37:46.783 [restartedMain] INFO  org.apache.coyote.http11.Http11NioProtocol - Initializing ProtocolHandler ["http-nio-8080"]
2026-06-29 14:37:46.787 [restartedMain] INFO  org.apache.catalina.core.StandardService - Starting service [Tomcat]
2026-06-29 14:37:46.787 [restartedMain] INFO  org.apache.catalina.core.StandardEngine - Starting Servlet engine: [Apache Tomcat/11.0.20]
2026-06-29 14:37:46.886 [restartedMain] INFO  org.springframework.boot.web.context.servlet.WebApplicationContextInitializer - Root WebApplicationContext: initialization completed in 3899 ms
2026-06-29 14:37:47.218 [restartedMain] INFO  org.hibernate.orm.jpa - HHH008540: Processing PersistenceUnitInfo [name: default]
2026-06-29 14:37:47.345 [restartedMain] INFO  org.hibernate.orm.core - HHH000001: Hibernate ORM core version 7.2.7.Final
2026-06-29 14:37:48.271 [restartedMain] INFO  org.springframework.orm.jpa.persistenceunit.SpringPersistenceUnitInfo - No LoadTimeWeaver setup: ignoring JPA class transformer
2026-06-29 14:37:48.334 [restartedMain] INFO  com.zaxxer.hikari.HikariDataSource - HikariPool-1 - Starting...
2026-06-29 14:37:52.104 [restartedMain] WARN  org.hibernate.orm.jdbc.error - HHH000247: ErrorCode: 0, SQLState: 08001
2026-06-29 14:37:52.104 [restartedMain] WARN  org.hibernate.orm.jdbc.error - Der Verbindungsversuch schlug fehl.
2026-06-29 14:37:52.106 [restartedMain] WARN  org.hibernate.orm.jdbc - HHH100046: Could not obtain connection to query JDBC database metadata
org.hibernate.exception.JDBCConnectionException: Unable to obtain isolated JDBC connection [Der Verbindungsversuch schlug fehl.] [n/a]
	at org.hibernate.exception.internal.SQLStateConversionDelegate.convert(SQLStateConversionDelegate.java:80)
	at org.hibernate.exception.internal.StandardSQLExceptionConverter.convert(StandardSQLExceptionConverter.java:34)
	at org.hibernate.engine.jdbc.spi.SqlExceptionHelper.convert(SqlExceptionHelper.java:115)
	at org.hibernate.engine.jdbc.spi.SqlExceptionHelper.convert(SqlExceptionHelper.java:101)
	at org.hibernate.resource.transaction.backend.jdbc.internal.JdbcIsolationDelegate.delegateWork(JdbcIsolationDelegate.java:51)
	at org.hibernate.engine.jdbc.env.internal.JdbcEnvironmentInitiator.getJdbcEnvironmentUsingJdbcMetadata(JdbcEnvironmentInitiator.java:366)
	at org.hibernate.engine.jdbc.env.internal.JdbcEnvironmentInitiator.getJdbcEnvironment(JdbcEnvironmentInitiator.java:143)
	at org.hibernate.engine.jdbc.env.internal.JdbcEnvironmentInitiator.initiateService(JdbcEnvironmentInitiator.java:120)
	at org.hibernate.engine.jdbc.env.internal.JdbcEnvironmentInitiator.initiateService(JdbcEnvironmentInitiator.java:80)
	at org.hibernate.boot.registry.internal.StandardServiceRegistryImpl.initiateService(StandardServiceRegistryImpl.java:133)
	at org.hibernate.service.internal.AbstractServiceRegistryImpl.createService(AbstractServiceRegistryImpl.java:260)
	at org.hibernate.service.internal.AbstractServiceRegistryImpl.initializeService(AbstractServiceRegistryImpl.java:235)
	at org.hibernate.service.internal.AbstractServiceRegistryImpl.getService(AbstractServiceRegistryImpl.java:212)
	at org.hibernate.boot.model.relational.Database.<init>(Database.java:44)
	at org.hibernate.boot.internal.InFlightMetadataCollectorImpl.getDatabase(InFlightMetadataCollectorImpl.java:251)
	at org.hibernate.boot.internal.InFlightMetadataCollectorImpl.<init>(InFlightMetadataCollectorImpl.java:203)
	at org.hibernate.boot.model.process.spi.MetadataBuildingProcess.complete(MetadataBuildingProcess.java:172)
	at org.hibernate.jpa.boot.internal.EntityManagerFactoryBuilderImpl.metadata(EntityManagerFactoryBuilderImpl.java:1392)
	at org.hibernate.jpa.boot.internal.EntityManagerFactoryBuilderImpl.populateSessionFactoryBuilder(EntityManagerFactoryBuilderImpl.java:1472)
	at org.hibernate.jpa.boot.internal.EntityManagerFactoryBuilderImpl.build(EntityManagerFactoryBuilderImpl.java:1454)
	at org.springframework.orm.jpa.vendor.SpringHibernateJpaPersistenceProvider.createContainerEntityManagerFactory(SpringHibernateJpaPersistenceProvider.java:93)
	at org.springframework.orm.jpa.LocalContainerEntityManagerFactoryBean.createNativeEntityManagerFactory(LocalContainerEntityManagerFactoryBean.java:443)
	at org.springframework.orm.jpa.AbstractEntityManagerFactoryBean.buildNativeEntityManagerFactory(AbstractEntityManagerFactoryBean.java:436)
	at org.springframework.orm.jpa.AbstractEntityManagerFactoryBean.afterPropertiesSet(AbstractEntityManagerFactoryBean.java:411)
	at org.springframework.orm.jpa.LocalContainerEntityManagerFactoryBean.afterPropertiesSet(LocalContainerEntityManagerFactoryBean.java:419)
	at org.springframework.beans.factory.support.AbstractAutowireCapableBeanFactory.invokeInitMethods(AbstractAutowireCapableBeanFactory.java:1864)
	at org.springframework.beans.factory.support.AbstractAutowireCapableBeanFactory.initializeBean(AbstractAutowireCapableBeanFactory.java:1813)
	at org.springframework.beans.factory.support.AbstractAutowireCapableBeanFactory.doCreateBean(AbstractAutowireCapableBeanFactory.java:603)
	at org.springframework.beans.factory.support.AbstractAutowireCapableBeanFactory.createBean(AbstractAutowireCapableBeanFactory.java:525)
	at org.springframework.beans.factory.support.AbstractBeanFactory.lambda$doGetBean$0(AbstractBeanFactory.java:333)
	at org.springframework.beans.factory.support.DefaultSingletonBeanRegistry.getSingleton(DefaultSingletonBeanRegistry.java:371)
	at org.springframework.beans.factory.support.AbstractBeanFactory.doGetBean(AbstractBeanFactory.java:331)
	at org.springframework.beans.factory.support.AbstractBeanFactory.getBean(AbstractBeanFactory.java:201)
	at org.springframework.context.support.AbstractApplicationContext.finishBeanFactoryInitialization(AbstractApplicationContext.java:977)
	at org.springframework.context.support.AbstractApplicationContext.refresh(AbstractApplicationContext.java:621)
	at org.springframework.boot.web.server.servlet.context.ServletWebServerApplicationContext.refresh(ServletWebServerApplicationContext.java:143)
	at org.springframework.boot.SpringApplication.refresh(SpringApplication.java:756)
	at org.springframework.boot.SpringApplication.refreshContext(SpringApplication.java:445)
	at org.springframework.boot.SpringApplication.run(SpringApplication.java:321)
	at org.springframework.boot.SpringApplication.run(SpringApplication.java:1365)
	at org.springframework.boot.SpringApplication.run(SpringApplication.java:1354)
	at org.tour.tourplannerbackend.TourplannerbackendApplication.main(TourplannerbackendApplication.java:14)
	at java.base/jdk.internal.reflect.DirectMethodHandleAccessor.invoke(DirectMethodHandleAccessor.java:104)
	at java.base/java.lang.reflect.Method.invoke(Method.java:565)
	at org.springframework.boot.devtools.restart.RestartLauncher.run(RestartLauncher.java:52)
Caused by: org.postgresql.util.PSQLException: Der Verbindungsversuch schlug fehl.
	at org.postgresql.core.v3.ConnectionFactoryImpl.openConnectionImpl(ConnectionFactoryImpl.java:437)
	at org.postgresql.core.ConnectionFactory.openConnection(ConnectionFactory.java:52)
	at org.postgresql.jdbc.PgConnection.<init>(PgConnection.java:290)
	at org.postgresql.Driver.makeConnection(Driver.java:448)
	at org.postgresql.Driver.connect(Driver.java:298)
	at com.zaxxer.hikari.util.DriverDataSource.getConnection(DriverDataSource.java:144)
	at com.zaxxer.hikari.pool.PoolBase.newConnection(PoolBase.java:373)
	at com.zaxxer.hikari.pool.PoolBase.newPoolEntry(PoolBase.java:210)
	at com.zaxxer.hikari.pool.HikariPool.createPoolEntry(HikariPool.java:488)
	at com.zaxxer.hikari.pool.HikariPool.checkFailFast(HikariPool.java:576)
	at com.zaxxer.hikari.pool.HikariPool.<init>(HikariPool.java:97)
	at com.zaxxer.hikari.HikariDataSource.getConnection(HikariDataSource.java:111)
	at org.hibernate.engine.jdbc.connections.internal.DataSourceConnectionProvider.getConnection(DataSourceConnectionProvider.java:137)
	at org.hibernate.engine.jdbc.env.internal.JdbcEnvironmentInitiator$ConnectionProviderJdbcConnectionAccess.obtainConnection(JdbcEnvironmentInitiator.java:508)
	at org.hibernate.resource.transaction.backend.jdbc.internal.JdbcIsolationDelegate.delegateWork(JdbcIsolationDelegate.java:48)
	... 40 more
Caused by: java.net.UnknownHostException: postgres
	at java.base/sun.nio.ch.NioSocketImpl.connect(NioSocketImpl.java:574)
	at java.base/java.net.SocksSocketImpl.connect(SocksSocketImpl.java:284)
	at java.base/java.net.Socket.connect(Socket.java:668)
	at org.postgresql.core.PGStream.createSocket(PGStream.java:271)
	at org.postgresql.core.PGStream.<init>(PGStream.java:132)
	at org.postgresql.core.v3.ConnectionFactoryImpl.tryConnect(ConnectionFactoryImpl.java:219)
	at org.postgresql.core.v3.ConnectionFactoryImpl.openConnectionImpl(ConnectionFactoryImpl.java:365)
	... 54 more
2026-06-29 14:37:52.111 [restartedMain] ERROR org.springframework.orm.jpa.LocalContainerEntityManagerFactoryBean - Failed to initialize JPA EntityManagerFactory: Unable to create requested service [org.hibernate.engine.jdbc.env.spi.JdbcEnvironment] due to: Unable to determine Dialect without JDBC metadata (please set 'jakarta.persistence.jdbc.url' for common cases or 'hibernate.dialect' when a custom Dialect implementation must be provided)
2026-06-29 14:37:52.117 [restartedMain] WARN  org.springframework.boot.web.server.servlet.context.AnnotationConfigServletWebServerApplicationContext - Exception encountered during context initialization - cancelling refresh attempt: org.springframework.beans.factory.BeanCreationException: Error creating bean with name 'entityManagerFactory' defined in class path resource [org/springframework/boot/hibernate/autoconfigure/HibernateJpaConfiguration.class]: Unable to create requested service [org.hibernate.engine.jdbc.env.spi.JdbcEnvironment] due to: Unable to determine Dialect without JDBC metadata (please set 'jakarta.persistence.jdbc.url' for common cases or 'hibernate.dialect' when a custom Dialect implementation must be provided)
2026-06-29 14:37:52.124 [restartedMain] INFO  org.apache.catalina.core.StandardService - Stopping service [Tomcat]
2026-06-29 14:37:52.139 [restartedMain] INFO  org.springframework.boot.autoconfigure.logging.ConditionEvaluationReportLogger - 

Error starting ApplicationContext. To display the condition evaluation report re-run your application with 'debug' enabled.
2026-06-29 14:37:52.167 [restartedMain] ERROR org.springframework.boot.SpringApplication - Application run failed
org.springframework.beans.factory.BeanCreationException: Error creating bean with name 'entityManagerFactory' defined in class path resource [org/springframework/boot/hibernate/autoconfigure/HibernateJpaConfiguration.class]: Unable to create requested service [org.hibernate.engine.jdbc.env.spi.JdbcEnvironment] due to: Unable to determine Dialect without JDBC metadata (please set 'jakarta.persistence.jdbc.url' for common cases or 'hibernate.dialect' when a custom Dialect implementation must be provided)
	at org.springframework.beans.factory.support.AbstractAutowireCapableBeanFactory.initializeBean(AbstractAutowireCapableBeanFactory.java:1817)
	at org.springframework.beans.factory.support.AbstractAutowireCapableBeanFactory.doCreateBean(AbstractAutowireCapableBeanFactory.java:603)
	at org.springframework.beans.factory.support.AbstractAutowireCapableBeanFactory.createBean(AbstractAutowireCapableBeanFactory.java:525)
	at org.springframework.beans.factory.support.AbstractBeanFactory.lambda$doGetBean$0(AbstractBeanFactory.java:333)
	at org.springframework.beans.factory.support.DefaultSingletonBeanRegistry.getSingleton(DefaultSingletonBeanRegistry.java:371)
	at org.springframework.beans.factory.support.AbstractBeanFactory.doGetBean(AbstractBeanFactory.java:331)
	at org.springframework.beans.factory.support.AbstractBeanFactory.getBean(AbstractBeanFactory.java:201)
	at org.springframework.context.support.AbstractApplicationContext.finishBeanFactoryInitialization(AbstractApplicationContext.java:977)
	at org.springframework.context.support.AbstractApplicationContext.refresh(AbstractApplicationContext.java:621)
	at org.springframework.boot.web.server.servlet.context.ServletWebServerApplicationContext.refresh(ServletWebServerApplicationContext.java:143)
	at org.springframework.boot.SpringApplication.refresh(SpringApplication.java:756)
	at org.springframework.boot.SpringApplication.refreshContext(SpringApplication.java:445)
	at org.springframework.boot.SpringApplication.run(SpringApplication.java:321)
	at org.springframework.boot.SpringApplication.run(SpringApplication.java:1365)
	at org.springframework.boot.SpringApplication.run(SpringApplication.java:1354)
	at org.tour.tourplannerbackend.TourplannerbackendApplication.main(TourplannerbackendApplication.java:14)
	at java.base/jdk.internal.reflect.DirectMethodHandleAccessor.invoke(DirectMethodHandleAccessor.java:104)
	at java.base/java.lang.reflect.Method.invoke(Method.java:565)
	at org.springframework.boot.devtools.restart.RestartLauncher.run(RestartLauncher.java:52)
Caused by: org.hibernate.service.spi.ServiceException: Unable to create requested service [org.hibernate.engine.jdbc.env.spi.JdbcEnvironment] due to: Unable to determine Dialect without JDBC metadata (please set 'jakarta.persistence.jdbc.url' for common cases or 'hibernate.dialect' when a custom Dialect implementation must be provided)
	at org.hibernate.service.internal.AbstractServiceRegistryImpl.createService(AbstractServiceRegistryImpl.java:273)
	at org.hibernate.service.internal.AbstractServiceRegistryImpl.initializeService(AbstractServiceRegistryImpl.java:235)
	at org.hibernate.service.internal.AbstractServiceRegistryImpl.getService(AbstractServiceRegistryImpl.java:212)
	at org.hibernate.boot.model.relational.Database.<init>(Database.java:44)
	at org.hibernate.boot.internal.InFlightMetadataCollectorImpl.getDatabase(InFlightMetadataCollectorImpl.java:251)
	at org.hibernate.boot.internal.InFlightMetadataCollectorImpl.<init>(InFlightMetadataCollectorImpl.java:203)
	at org.hibernate.boot.model.process.spi.MetadataBuildingProcess.complete(MetadataBuildingProcess.java:172)
	at org.hibernate.jpa.boot.internal.EntityManagerFactoryBuilderImpl.metadata(EntityManagerFactoryBuilderImpl.java:1392)
	at org.hibernate.jpa.boot.internal.EntityManagerFactoryBuilderImpl.populateSessionFactoryBuilder(EntityManagerFactoryBuilderImpl.java:1472)
	at org.hibernate.jpa.boot.internal.EntityManagerFactoryBuilderImpl.build(EntityManagerFactoryBuilderImpl.java:1454)
	at org.springframework.orm.jpa.vendor.SpringHibernateJpaPersistenceProvider.createContainerEntityManagerFactory(SpringHibernateJpaPersistenceProvider.java:93)
	at org.springframework.orm.jpa.LocalContainerEntityManagerFactoryBean.createNativeEntityManagerFactory(LocalContainerEntityManagerFactoryBean.java:443)
	at org.springframework.orm.jpa.AbstractEntityManagerFactoryBean.buildNativeEntityManagerFactory(AbstractEntityManagerFactoryBean.java:436)
	at org.springframework.orm.jpa.AbstractEntityManagerFactoryBean.afterPropertiesSet(AbstractEntityManagerFactoryBean.java:411)
	at org.springframework.orm.jpa.LocalContainerEntityManagerFactoryBean.afterPropertiesSet(LocalContainerEntityManagerFactoryBean.java:419)
	at org.springframework.beans.factory.support.AbstractAutowireCapableBeanFactory.invokeInitMethods(AbstractAutowireCapableBeanFactory.java:1864)
	at org.springframework.beans.factory.support.AbstractAutowireCapableBeanFactory.initializeBean(AbstractAutowireCapableBeanFactory.java:1813)
	... 18 more
Caused by: org.hibernate.HibernateException: Unable to determine Dialect without JDBC metadata (please set 'jakarta.persistence.jdbc.url' for common cases or 'hibernate.dialect' when a custom Dialect implementation must be provided)
	at org.hibernate.engine.jdbc.dialect.internal.DialectFactoryImpl.determineDialect(DialectFactoryImpl.java:190)
	at org.hibernate.engine.jdbc.dialect.internal.DialectFactoryImpl.buildDialect(DialectFactoryImpl.java:86)
	at org.hibernate.engine.jdbc.env.internal.JdbcEnvironmentInitiator.getJdbcEnvironmentWithDefaults(JdbcEnvironmentInitiator.java:200)
	at org.hibernate.engine.jdbc.env.internal.JdbcEnvironmentInitiator.getJdbcEnvironmentUsingJdbcMetadata(JdbcEnvironmentInitiator.java:452)
	at org.hibernate.engine.jdbc.env.internal.JdbcEnvironmentInitiator.getJdbcEnvironment(JdbcEnvironmentInitiator.java:143)
	at org.hibernate.engine.jdbc.env.internal.JdbcEnvironmentInitiator.initiateService(JdbcEnvironmentInitiator.java:120)
	at org.hibernate.engine.jdbc.env.internal.JdbcEnvironmentInitiator.initiateService(JdbcEnvironmentInitiator.java:80)
	at org.hibernate.boot.registry.internal.StandardServiceRegistryImpl.initiateService(StandardServiceRegistryImpl.java:133)
	at org.hibernate.service.internal.AbstractServiceRegistryImpl.createService(AbstractServiceRegistryImpl.java:260)
	... 34 more
2026-06-29 12:39:41.773 [restartedMain] INFO  org.tour.tourplannerbackend.TourplannerbackendApplication - Starting TourplannerbackendApplication using Java 21.0.11 with PID 181 (/app/target/classes started by root in /app)
2026-06-29 12:39:41.879 [restartedMain] DEBUG org.tour.tourplannerbackend.TourplannerbackendApplication - Running with Spring Boot v4.0.5, Spring v7.0.6
2026-06-29 12:39:41.882 [restartedMain] INFO  org.tour.tourplannerbackend.TourplannerbackendApplication - No active profile set, falling back to 1 default profile: "default"
2026-06-29 12:39:42.316 [restartedMain] INFO  org.springframework.boot.devtools.env.DevToolsPropertyDefaultsPostProcessor - Devtools property defaults active! Set 'spring.devtools.add-properties' to 'false' to disable
2026-06-29 12:39:42.318 [restartedMain] INFO  org.springframework.boot.devtools.env.DevToolsPropertyDefaultsPostProcessor - For additional web related logging consider setting the 'logging.level.web' property to 'DEBUG'
2026-06-29 12:39:43.494 [background-preinit] INFO  org.hibernate.validator.internal.util.Version - HV000001: Hibernate Validator 8.0.0.Final
2026-06-29 12:39:53.423 [restartedMain] INFO  org.springframework.data.repository.config.RepositoryConfigurationDelegate - Bootstrapping Spring Data JPA repositories in DEFAULT mode.
2026-06-29 12:39:54.510 [restartedMain] INFO  org.springframework.data.repository.config.RepositoryConfigurationDelegate - Finished Spring Data repository scanning in 1007 ms. Found 4 JPA repository interfaces.
2026-06-29 12:40:00.260 [restartedMain] INFO  org.springframework.boot.tomcat.TomcatWebServer - Tomcat initialized with port 8080 (http)
2026-06-29 12:40:00.349 [restartedMain] INFO  org.apache.coyote.http11.Http11NioProtocol - Initializing ProtocolHandler ["http-nio-8080"]
2026-06-29 12:40:00.362 [restartedMain] INFO  org.apache.catalina.core.StandardService - Starting service [Tomcat]
2026-06-29 12:40:00.364 [restartedMain] INFO  org.apache.catalina.core.StandardEngine - Starting Servlet engine: [Apache Tomcat/11.0.20]
2026-06-29 12:40:00.679 [restartedMain] INFO  org.springframework.boot.web.context.servlet.WebApplicationContextInitializer - Root WebApplicationContext: initialization completed in 18349 ms
2026-06-29 12:40:02.177 [restartedMain] INFO  org.hibernate.orm.jpa - HHH008540: Processing PersistenceUnitInfo [name: default]
2026-06-29 12:40:03.242 [restartedMain] INFO  org.hibernate.orm.core - HHH000001: Hibernate ORM core version 7.2.7.Final
2026-06-29 12:40:11.291 [restartedMain] INFO  org.springframework.orm.jpa.persistenceunit.SpringPersistenceUnitInfo - No LoadTimeWeaver setup: ignoring JPA class transformer
2026-06-29 12:40:11.856 [restartedMain] INFO  com.zaxxer.hikari.HikariDataSource - HikariPool-1 - Starting...
2026-06-29 12:40:13.302 [restartedMain] INFO  com.zaxxer.hikari.pool.HikariPool - HikariPool-1 - Added connection org.postgresql.jdbc.PgConnection@56b24176
2026-06-29 12:40:13.316 [restartedMain] INFO  com.zaxxer.hikari.HikariDataSource - HikariPool-1 - Start completed.
2026-06-29 12:40:13.784 [restartedMain] WARN  org.hibernate.orm.deprecation - HHH90000025: PostgreSQLDialect does not need to be specified explicitly using 'hibernate.dialect' (remove the property setting and it will be selected by default)
2026-06-29 12:40:14.032 [restartedMain] INFO  org.hibernate.orm.connections.pooling - HHH10001005: Database info:
	Database JDBC URL [jdbc:postgresql://postgres:5432/tourplanner]
	Database driver: PostgreSQL JDBC Driver
	Database dialect: PostgreSQLDialect
	Database version: 17.9
	Default catalog/schema: tourplanner/public
	Autocommit mode: undefined/unknown
	Isolation level: READ_COMMITTED [default READ_COMMITTED]
	JDBC fetch size: none
	Pool: DataSourceConnectionProvider
	Minimum pool size: undefined/unknown
	Maximum pool size: undefined/unknown
2026-06-29 12:40:27.112 [restartedMain] INFO  org.hibernate.orm.core - HHH000489: No JTA platform available (set 'hibernate.transaction.jta.platform' to enable JTA platform integration)
2026-06-29 12:40:27.699 [restartedMain] INFO  org.springframework.orm.jpa.LocalContainerEntityManagerFactoryBean - Initialized JPA EntityManagerFactory for persistence unit 'default'
2026-06-29 12:40:28.356 [restartedMain] INFO  org.springframework.data.jpa.repository.query.QueryEnhancerFactories - Hibernate is in classpath; If applicable, HQL parser will be used.
2026-06-29 12:40:31.293 [restartedMain] WARN  org.springframework.boot.jpa.autoconfigure.JpaBaseConfiguration$JpaWebConfiguration - spring.jpa.open-in-view is enabled by default. Therefore, database queries may be performed during view rendering. Explicitly configure spring.jpa.open-in-view to disable this warning
2026-06-29 12:40:37.026 [restartedMain] INFO  org.apache.coyote.http11.Http11NioProtocol - Starting ProtocolHandler ["http-nio-8080"]
2026-06-29 12:40:37.105 [restartedMain] INFO  org.springframework.boot.tomcat.TomcatWebServer - Tomcat started on port 8080 (http) with context path '/'
2026-06-29 12:40:37.123 [restartedMain] INFO  org.tour.tourplannerbackend.TourplannerbackendApplication - Started TourplannerbackendApplication in 60.636 seconds (process running for 64.731)
2026-06-29 12:40:37.136 [restartedMain] WARN  org.springdoc.core.events.SpringDocAppInitializer - SpringDoc /v3/api-docs endpoint is enabled by default. To disable it in production, set the property 'springdoc.api-docs.enabled=false'
2026-06-29 12:40:37.137 [restartedMain] WARN  org.springdoc.core.events.SpringDocAppInitializer - SpringDoc /swagger-ui.html endpoint is enabled by default. To disable it in production, set the property 'springdoc.swagger-ui.enabled=false'
2026-06-29 12:41:52.357 [http-nio-8080-exec-3] INFO  org.apache.catalina.core.ContainerBase.[Tomcat].[localhost].[/] - Initializing Spring DispatcherServlet 'dispatcherServlet'
2026-06-29 12:41:52.403 [http-nio-8080-exec-3] INFO  org.springframework.web.servlet.DispatcherServlet - Initializing Servlet 'dispatcherServlet'
2026-06-29 12:41:52.520 [http-nio-8080-exec-3] INFO  org.springframework.web.servlet.DispatcherServlet - Completed initialization in 113 ms
2026-06-29 12:41:54.381 [http-nio-8080-exec-2] INFO  org.tour.tourplannerbackend.controller.AuthController - Login request received for username=a
2026-06-29 12:41:57.742 [http-nio-8080-exec-2] DEBUG org.hibernate.SQL - select u1_0.id,u1_0.email,u1_0.password,u1_0.username from users u1_0 where u1_0.username=?
2026-06-29 12:41:57.785 [http-nio-8080-exec-2] TRACE org.hibernate.orm.jdbc.bind - binding parameter (1:VARCHAR) <- [a]
2026-06-29 12:41:58.023 [http-nio-8080-exec-2] INFO  org.tour.tourplannerbackend.controller.AuthController - Login successful. userId=1, username=a
2026-06-29 12:41:58.858 [http-nio-8080-exec-1] DEBUG org.hibernate.SQL - select u1_0.id from users u1_0 where u1_0.username=? fetch first ? rows only
2026-06-29 12:41:58.859 [http-nio-8080-exec-1] TRACE org.hibernate.orm.jdbc.bind - binding parameter (1:VARCHAR) <- [a]
2026-06-29 12:41:58.861 [http-nio-8080-exec-1] TRACE org.hibernate.orm.jdbc.bind - binding parameter (2:INTEGER) <- [1]
2026-06-29 12:41:58.883 [http-nio-8080-exec-1] INFO  org.tour.tourplannerbackend.controller.UserController - Request received to fetch tours for userId=1
2026-06-29 12:41:58.902 [http-nio-8080-exec-1] DEBUG org.hibernate.SQL - select t1_0.id,t1_0.child_friendly,t1_0.description,t1_0.estimated_time,t1_0.name,t1_0.popularity,t1_0.tour_type,t1_0.user_id from tours t1_0 where t1_0.user_id=?
2026-06-29 12:41:58.904 [http-nio-8080-exec-1] TRACE org.hibernate.orm.jdbc.bind - binding parameter (1:BIGINT) <- [1]
2026-06-29 12:41:59.088 [http-nio-8080-exec-1] DEBUG org.hibernate.SQL - select u1_0.id,u1_0.email,u1_0.password,u1_0.username from users u1_0 where u1_0.id=?
2026-06-29 12:41:59.090 [http-nio-8080-exec-1] TRACE org.hibernate.orm.jdbc.bind - binding parameter (1:BIGINT) <- [1]
2026-06-29 12:41:59.118 [http-nio-8080-exec-1] INFO  org.tour.tourplannerbackend.controller.UserController - Fetched 5 tours for userId=1
2026-06-29 12:41:59.241 [http-nio-8080-exec-1] DEBUG org.hibernate.SQL - select r1_0.tour_id,r1_0.id,r1_0.distance,r1_0.duration,r1_0.from_location,fc1_0.id,fc1_0.lat,fc1_0.lng,r1_0.to_location,tc1_0.id,tc1_0.lat,tc1_0.lng,r1_0.transport_mode from tour_route r1_0 left join coordinates fc1_0 on fc1_0.id=r1_0.from_coordinates_id left join coordinates tc1_0 on tc1_0.id=r1_0.to_coordinates_id where r1_0.tour_id=?
2026-06-29 12:41:59.242 [http-nio-8080-exec-1] TRACE org.hibernate.orm.jdbc.bind - binding parameter (1:BIGINT) <- [3]
2026-06-29 12:41:59.331 [http-nio-8080-exec-1] DEBUG org.hibernate.SQL - select rc1_0.tour_route_id,rc1_0.id,rc1_0.lat,rc1_0.lng from coordinates rc1_0 where rc1_0.tour_route_id=?
2026-06-29 12:41:59.332 [http-nio-8080-exec-1] TRACE org.hibernate.orm.jdbc.bind - binding parameter (1:BIGINT) <- [3]
2026-06-29 12:41:59.467 [http-nio-8080-exec-1] DEBUG org.hibernate.SQL - select l1_0.tour_id,l1_0.id,l1_0.comment,l1_0.created_at,l1_0.difficulty,l1_0.rating,l1_0.total_distance,l1_0.total_time from log l1_0 where l1_0.tour_id=?
2026-06-29 12:41:59.468 [http-nio-8080-exec-1] TRACE org.hibernate.orm.jdbc.bind - binding parameter (1:BIGINT) <- [3]
2026-06-29 12:41:59.476 [http-nio-8080-exec-1] DEBUG org.hibernate.SQL - select r1_0.tour_id,r1_0.id,r1_0.distance,r1_0.duration,r1_0.from_location,fc1_0.id,fc1_0.lat,fc1_0.lng,r1_0.to_location,tc1_0.id,tc1_0.lat,tc1_0.lng,r1_0.transport_mode from tour_route r1_0 left join coordinates fc1_0 on fc1_0.id=r1_0.from_coordinates_id left join coordinates tc1_0 on tc1_0.id=r1_0.to_coordinates_id where r1_0.tour_id=?
2026-06-29 12:41:59.477 [http-nio-8080-exec-1] TRACE org.hibernate.orm.jdbc.bind - binding parameter (1:BIGINT) <- [2]
2026-06-29 12:41:59.481 [http-nio-8080-exec-1] DEBUG org.hibernate.SQL - select rc1_0.tour_route_id,rc1_0.id,rc1_0.lat,rc1_0.lng from coordinates rc1_0 where rc1_0.tour_route_id=?
2026-06-29 12:41:59.483 [http-nio-8080-exec-1] TRACE org.hibernate.orm.jdbc.bind - binding parameter (1:BIGINT) <- [2]
2026-06-29 12:41:59.486 [http-nio-8080-exec-1] DEBUG org.hibernate.SQL - select l1_0.tour_id,l1_0.id,l1_0.comment,l1_0.created_at,l1_0.difficulty,l1_0.rating,l1_0.total_distance,l1_0.total_time from log l1_0 where l1_0.tour_id=?
2026-06-29 12:41:59.488 [http-nio-8080-exec-1] TRACE org.hibernate.orm.jdbc.bind - binding parameter (1:BIGINT) <- [2]
2026-06-29 12:41:59.511 [http-nio-8080-exec-1] DEBUG org.hibernate.SQL - select r1_0.tour_id,r1_0.id,r1_0.distance,r1_0.duration,r1_0.from_location,fc1_0.id,fc1_0.lat,fc1_0.lng,r1_0.to_location,tc1_0.id,tc1_0.lat,tc1_0.lng,r1_0.transport_mode from tour_route r1_0 left join coordinates fc1_0 on fc1_0.id=r1_0.from_coordinates_id left join coordinates tc1_0 on tc1_0.id=r1_0.to_coordinates_id where r1_0.tour_id=?
2026-06-29 12:41:59.512 [http-nio-8080-exec-1] TRACE org.hibernate.orm.jdbc.bind - binding parameter (1:BIGINT) <- [1]
2026-06-29 12:41:59.516 [http-nio-8080-exec-1] DEBUG org.hibernate.SQL - select rc1_0.tour_route_id,rc1_0.id,rc1_0.lat,rc1_0.lng from coordinates rc1_0 where rc1_0.tour_route_id=?
2026-06-29 12:41:59.518 [http-nio-8080-exec-1] TRACE org.hibernate.orm.jdbc.bind - binding parameter (1:BIGINT) <- [1]
2026-06-29 12:41:59.526 [http-nio-8080-exec-1] DEBUG org.hibernate.SQL - select l1_0.tour_id,l1_0.id,l1_0.comment,l1_0.created_at,l1_0.difficulty,l1_0.rating,l1_0.total_distance,l1_0.total_time from log l1_0 where l1_0.tour_id=?
2026-06-29 12:41:59.527 [http-nio-8080-exec-1] TRACE org.hibernate.orm.jdbc.bind - binding parameter (1:BIGINT) <- [1]
2026-06-29 12:41:59.532 [http-nio-8080-exec-1] DEBUG org.hibernate.SQL - select r1_0.tour_id,r1_0.id,r1_0.distance,r1_0.duration,r1_0.from_location,fc1_0.id,fc1_0.lat,fc1_0.lng,r1_0.to_location,tc1_0.id,tc1_0.lat,tc1_0.lng,r1_0.transport_mode from tour_route r1_0 left join coordinates fc1_0 on fc1_0.id=r1_0.from_coordinates_id left join coordinates tc1_0 on tc1_0.id=r1_0.to_coordinates_id where r1_0.tour_id=?
2026-06-29 12:41:59.533 [http-nio-8080-exec-1] TRACE org.hibernate.orm.jdbc.bind - binding parameter (1:BIGINT) <- [4]
2026-06-29 12:41:59.539 [http-nio-8080-exec-1] DEBUG org.hibernate.SQL - select rc1_0.tour_route_id,rc1_0.id,rc1_0.lat,rc1_0.lng from coordinates rc1_0 where rc1_0.tour_route_id=?
2026-06-29 12:41:59.540 [http-nio-8080-exec-1] TRACE org.hibernate.orm.jdbc.bind - binding parameter (1:BIGINT) <- [5]
2026-06-29 12:41:59.544 [http-nio-8080-exec-1] DEBUG org.hibernate.SQL - select rc1_0.tour_route_id,rc1_0.id,rc1_0.lat,rc1_0.lng from coordinates rc1_0 where rc1_0.tour_route_id=?
2026-06-29 12:41:59.546 [http-nio-8080-exec-1] TRACE org.hibernate.orm.jdbc.bind - binding parameter (1:BIGINT) <- [4]
2026-06-29 12:41:59.549 [http-nio-8080-exec-1] DEBUG org.hibernate.SQL - select l1_0.tour_id,l1_0.id,l1_0.comment,l1_0.created_at,l1_0.difficulty,l1_0.rating,l1_0.total_distance,l1_0.total_time from log l1_0 where l1_0.tour_id=?
2026-06-29 12:41:59.550 [http-nio-8080-exec-1] TRACE org.hibernate.orm.jdbc.bind - binding parameter (1:BIGINT) <- [4]
2026-06-29 12:41:59.553 [http-nio-8080-exec-1] DEBUG org.hibernate.SQL - select r1_0.tour_id,r1_0.id,r1_0.distance,r1_0.duration,r1_0.from_location,fc1_0.id,fc1_0.lat,fc1_0.lng,r1_0.to_location,tc1_0.id,tc1_0.lat,tc1_0.lng,r1_0.transport_mode from tour_route r1_0 left join coordinates fc1_0 on fc1_0.id=r1_0.from_coordinates_id left join coordinates tc1_0 on tc1_0.id=r1_0.to_coordinates_id where r1_0.tour_id=?
2026-06-29 12:41:59.554 [http-nio-8080-exec-1] TRACE org.hibernate.orm.jdbc.bind - binding parameter (1:BIGINT) <- [5]
2026-06-29 12:41:59.557 [http-nio-8080-exec-1] DEBUG org.hibernate.SQL - select rc1_0.tour_route_id,rc1_0.id,rc1_0.lat,rc1_0.lng from coordinates rc1_0 where rc1_0.tour_route_id=?
2026-06-29 12:41:59.558 [http-nio-8080-exec-1] TRACE org.hibernate.orm.jdbc.bind - binding parameter (1:BIGINT) <- [6]
2026-06-29 12:41:59.564 [http-nio-8080-exec-1] DEBUG org.hibernate.SQL - select l1_0.tour_id,l1_0.id,l1_0.comment,l1_0.created_at,l1_0.difficulty,l1_0.rating,l1_0.total_distance,l1_0.total_time from log l1_0 where l1_0.tour_id=?
2026-06-29 12:41:59.566 [http-nio-8080-exec-1] TRACE org.hibernate.orm.jdbc.bind - binding parameter (1:BIGINT) <- [5]
2026-06-29 12:44:32.923 [http-nio-8080-exec-6] INFO  org.tour.tourplannerbackend.controller.AuthController - Login request received for username=a
2026-06-29 12:44:33.388 [http-nio-8080-exec-6] DEBUG org.hibernate.SQL - select u1_0.id,u1_0.email,u1_0.password,u1_0.username from users u1_0 where u1_0.username=?
2026-06-29 12:44:33.432 [http-nio-8080-exec-6] TRACE org.hibernate.orm.jdbc.bind - binding parameter (1:VARCHAR) <- [a]
2026-06-29 12:44:33.578 [http-nio-8080-exec-6] INFO  org.tour.tourplannerbackend.controller.AuthController - Login successful. userId=1, username=a
2026-06-29 12:44:33.832 [http-nio-8080-exec-7] DEBUG org.hibernate.SQL - select u1_0.id from users u1_0 where u1_0.username=? fetch first ? rows only
2026-06-29 12:44:33.836 [http-nio-8080-exec-7] TRACE org.hibernate.orm.jdbc.bind - binding parameter (1:VARCHAR) <- [a]
2026-06-29 12:44:33.842 [http-nio-8080-exec-7] TRACE org.hibernate.orm.jdbc.bind - binding parameter (2:INTEGER) <- [1]
2026-06-29 12:44:33.872 [http-nio-8080-exec-7] INFO  org.tour.tourplannerbackend.controller.UserController - Request received to fetch tours for userId=1
2026-06-29 12:44:33.890 [http-nio-8080-exec-7] DEBUG org.hibernate.SQL - select t1_0.id,t1_0.child_friendly,t1_0.description,t1_0.estimated_time,t1_0.name,t1_0.popularity,t1_0.tour_type,t1_0.user_id from tours t1_0 where t1_0.user_id=?
2026-06-29 12:44:33.895 [http-nio-8080-exec-7] TRACE org.hibernate.orm.jdbc.bind - binding parameter (1:BIGINT) <- [1]
2026-06-29 12:44:33.978 [http-nio-8080-exec-7] DEBUG org.hibernate.SQL - select u1_0.id,u1_0.email,u1_0.password,u1_0.username from users u1_0 where u1_0.id=?
2026-06-29 12:44:33.980 [http-nio-8080-exec-7] TRACE org.hibernate.orm.jdbc.bind - binding parameter (1:BIGINT) <- [1]
2026-06-29 12:44:34.001 [http-nio-8080-exec-7] INFO  org.tour.tourplannerbackend.controller.UserController - Fetched 5 tours for userId=1
2026-06-29 12:44:34.041 [http-nio-8080-exec-7] DEBUG org.hibernate.SQL - select r1_0.tour_id,r1_0.id,r1_0.distance,r1_0.duration,r1_0.from_location,fc1_0.id,fc1_0.lat,fc1_0.lng,r1_0.to_location,tc1_0.id,tc1_0.lat,tc1_0.lng,r1_0.transport_mode from tour_route r1_0 left join coordinates fc1_0 on fc1_0.id=r1_0.from_coordinates_id left join coordinates tc1_0 on tc1_0.id=r1_0.to_coordinates_id where r1_0.tour_id=?
2026-06-29 12:44:34.043 [http-nio-8080-exec-7] TRACE org.hibernate.orm.jdbc.bind - binding parameter (1:BIGINT) <- [3]
2026-06-29 12:44:34.081 [http-nio-8080-exec-7] DEBUG org.hibernate.SQL - select rc1_0.tour_route_id,rc1_0.id,rc1_0.lat,rc1_0.lng from coordinates rc1_0 where rc1_0.tour_route_id=?
2026-06-29 12:44:34.083 [http-nio-8080-exec-7] TRACE org.hibernate.orm.jdbc.bind - binding parameter (1:BIGINT) <- [3]
2026-06-29 12:44:34.130 [http-nio-8080-exec-7] DEBUG org.hibernate.SQL - select l1_0.tour_id,l1_0.id,l1_0.comment,l1_0.created_at,l1_0.difficulty,l1_0.rating,l1_0.total_distance,l1_0.total_time from log l1_0 where l1_0.tour_id=?
2026-06-29 12:44:34.132 [http-nio-8080-exec-7] TRACE org.hibernate.orm.jdbc.bind - binding parameter (1:BIGINT) <- [3]
2026-06-29 12:44:34.136 [http-nio-8080-exec-7] DEBUG org.hibernate.SQL - select r1_0.tour_id,r1_0.id,r1_0.distance,r1_0.duration,r1_0.from_location,fc1_0.id,fc1_0.lat,fc1_0.lng,r1_0.to_location,tc1_0.id,tc1_0.lat,tc1_0.lng,r1_0.transport_mode from tour_route r1_0 left join coordinates fc1_0 on fc1_0.id=r1_0.from_coordinates_id left join coordinates tc1_0 on tc1_0.id=r1_0.to_coordinates_id where r1_0.tour_id=?
2026-06-29 12:44:34.138 [http-nio-8080-exec-7] TRACE org.hibernate.orm.jdbc.bind - binding parameter (1:BIGINT) <- [2]
2026-06-29 12:44:34.143 [http-nio-8080-exec-7] DEBUG org.hibernate.SQL - select rc1_0.tour_route_id,rc1_0.id,rc1_0.lat,rc1_0.lng from coordinates rc1_0 where rc1_0.tour_route_id=?
2026-06-29 12:44:34.144 [http-nio-8080-exec-7] TRACE org.hibernate.orm.jdbc.bind - binding parameter (1:BIGINT) <- [2]
2026-06-29 12:44:34.149 [http-nio-8080-exec-7] DEBUG org.hibernate.SQL - select l1_0.tour_id,l1_0.id,l1_0.comment,l1_0.created_at,l1_0.difficulty,l1_0.rating,l1_0.total_distance,l1_0.total_time from log l1_0 where l1_0.tour_id=?
2026-06-29 12:44:34.150 [http-nio-8080-exec-7] TRACE org.hibernate.orm.jdbc.bind - binding parameter (1:BIGINT) <- [2]
2026-06-29 12:44:34.278 [http-nio-8080-exec-7] DEBUG org.hibernate.SQL - select r1_0.tour_id,r1_0.id,r1_0.distance,r1_0.duration,r1_0.from_location,fc1_0.id,fc1_0.lat,fc1_0.lng,r1_0.to_location,tc1_0.id,tc1_0.lat,tc1_0.lng,r1_0.transport_mode from tour_route r1_0 left join coordinates fc1_0 on fc1_0.id=r1_0.from_coordinates_id left join coordinates tc1_0 on tc1_0.id=r1_0.to_coordinates_id where r1_0.tour_id=?
2026-06-29 12:44:34.280 [http-nio-8080-exec-7] TRACE org.hibernate.orm.jdbc.bind - binding parameter (1:BIGINT) <- [1]
2026-06-29 12:44:34.284 [http-nio-8080-exec-7] DEBUG org.hibernate.SQL - select rc1_0.tour_route_id,rc1_0.id,rc1_0.lat,rc1_0.lng from coordinates rc1_0 where rc1_0.tour_route_id=?
2026-06-29 12:44:34.285 [http-nio-8080-exec-7] TRACE org.hibernate.orm.jdbc.bind - binding parameter (1:BIGINT) <- [1]
2026-06-29 12:44:34.298 [http-nio-8080-exec-7] DEBUG org.hibernate.SQL - select l1_0.tour_id,l1_0.id,l1_0.comment,l1_0.created_at,l1_0.difficulty,l1_0.rating,l1_0.total_distance,l1_0.total_time from log l1_0 where l1_0.tour_id=?
2026-06-29 12:44:34.300 [http-nio-8080-exec-7] TRACE org.hibernate.orm.jdbc.bind - binding parameter (1:BIGINT) <- [1]
2026-06-29 12:44:34.304 [http-nio-8080-exec-7] DEBUG org.hibernate.SQL - select r1_0.tour_id,r1_0.id,r1_0.distance,r1_0.duration,r1_0.from_location,fc1_0.id,fc1_0.lat,fc1_0.lng,r1_0.to_location,tc1_0.id,tc1_0.lat,tc1_0.lng,r1_0.transport_mode from tour_route r1_0 left join coordinates fc1_0 on fc1_0.id=r1_0.from_coordinates_id left join coordinates tc1_0 on tc1_0.id=r1_0.to_coordinates_id where r1_0.tour_id=?
2026-06-29 12:44:34.305 [http-nio-8080-exec-7] TRACE org.hibernate.orm.jdbc.bind - binding parameter (1:BIGINT) <- [4]
2026-06-29 12:44:34.308 [http-nio-8080-exec-7] DEBUG org.hibernate.SQL - select rc1_0.tour_route_id,rc1_0.id,rc1_0.lat,rc1_0.lng from coordinates rc1_0 where rc1_0.tour_route_id=?
2026-06-29 12:44:34.309 [http-nio-8080-exec-7] TRACE org.hibernate.orm.jdbc.bind - binding parameter (1:BIGINT) <- [5]
2026-06-29 12:44:34.313 [http-nio-8080-exec-7] DEBUG org.hibernate.SQL - select rc1_0.tour_route_id,rc1_0.id,rc1_0.lat,rc1_0.lng from coordinates rc1_0 where rc1_0.tour_route_id=?
2026-06-29 12:44:34.314 [http-nio-8080-exec-7] TRACE org.hibernate.orm.jdbc.bind - binding parameter (1:BIGINT) <- [4]
2026-06-29 12:44:34.319 [http-nio-8080-exec-7] DEBUG org.hibernate.SQL - select l1_0.tour_id,l1_0.id,l1_0.comment,l1_0.created_at,l1_0.difficulty,l1_0.rating,l1_0.total_distance,l1_0.total_time from log l1_0 where l1_0.tour_id=?
2026-06-29 12:44:34.321 [http-nio-8080-exec-7] TRACE org.hibernate.orm.jdbc.bind - binding parameter (1:BIGINT) <- [4]
2026-06-29 12:44:34.324 [http-nio-8080-exec-7] DEBUG org.hibernate.SQL - select r1_0.tour_id,r1_0.id,r1_0.distance,r1_0.duration,r1_0.from_location,fc1_0.id,fc1_0.lat,fc1_0.lng,r1_0.to_location,tc1_0.id,tc1_0.lat,tc1_0.lng,r1_0.transport_mode from tour_route r1_0 left join coordinates fc1_0 on fc1_0.id=r1_0.from_coordinates_id left join coordinates tc1_0 on tc1_0.id=r1_0.to_coordinates_id where r1_0.tour_id=?
2026-06-29 12:44:34.326 [http-nio-8080-exec-7] TRACE org.hibernate.orm.jdbc.bind - binding parameter (1:BIGINT) <- [5]
2026-06-29 12:44:34.332 [http-nio-8080-exec-7] DEBUG org.hibernate.SQL - select rc1_0.tour_route_id,rc1_0.id,rc1_0.lat,rc1_0.lng from coordinates rc1_0 where rc1_0.tour_route_id=?
2026-06-29 12:44:34.333 [http-nio-8080-exec-7] TRACE org.hibernate.orm.jdbc.bind - binding parameter (1:BIGINT) <- [6]
2026-06-29 12:44:34.344 [http-nio-8080-exec-7] DEBUG org.hibernate.SQL - select l1_0.tour_id,l1_0.id,l1_0.comment,l1_0.created_at,l1_0.difficulty,l1_0.rating,l1_0.total_distance,l1_0.total_time from log l1_0 where l1_0.tour_id=?
2026-06-29 12:44:34.346 [http-nio-8080-exec-7] TRACE org.hibernate.orm.jdbc.bind - binding parameter (1:BIGINT) <- [5]
2026-06-29 12:46:46.935 [http-nio-8080-exec-10] INFO  org.tour.tourplannerbackend.controller.AuthController - Login request received for username=a
2026-06-29 12:46:47.010 [http-nio-8080-exec-10] DEBUG org.hibernate.SQL - select u1_0.id,u1_0.email,u1_0.password,u1_0.username from users u1_0 where u1_0.username=?
2026-06-29 12:46:47.022 [http-nio-8080-exec-10] TRACE org.hibernate.orm.jdbc.bind - binding parameter (1:VARCHAR) <- [a]
2026-06-29 12:46:47.056 [http-nio-8080-exec-10] INFO  org.tour.tourplannerbackend.controller.AuthController - Login successful. userId=1, username=a
2026-06-29 12:46:47.122 [http-nio-8080-exec-8] DEBUG org.hibernate.SQL - select u1_0.id from users u1_0 where u1_0.username=? fetch first ? rows only
2026-06-29 12:46:47.128 [http-nio-8080-exec-8] TRACE org.hibernate.orm.jdbc.bind - binding parameter (1:VARCHAR) <- [a]
2026-06-29 12:46:47.130 [http-nio-8080-exec-8] TRACE org.hibernate.orm.jdbc.bind - binding parameter (2:INTEGER) <- [1]
2026-06-29 12:46:47.142 [http-nio-8080-exec-8] INFO  org.tour.tourplannerbackend.controller.UserController - Request received to fetch tours for userId=1
2026-06-29 12:46:47.154 [http-nio-8080-exec-8] DEBUG org.hibernate.SQL - select t1_0.id,t1_0.child_friendly,t1_0.description,t1_0.estimated_time,t1_0.name,t1_0.popularity,t1_0.tour_type,t1_0.user_id from tours t1_0 where t1_0.user_id=?
2026-06-29 12:46:47.163 [http-nio-8080-exec-8] TRACE org.hibernate.orm.jdbc.bind - binding parameter (1:BIGINT) <- [1]
2026-06-29 12:46:47.188 [http-nio-8080-exec-8] DEBUG org.hibernate.SQL - select u1_0.id,u1_0.email,u1_0.password,u1_0.username from users u1_0 where u1_0.id=?
2026-06-29 12:46:47.190 [http-nio-8080-exec-8] TRACE org.hibernate.orm.jdbc.bind - binding parameter (1:BIGINT) <- [1]
2026-06-29 12:46:47.197 [http-nio-8080-exec-8] INFO  org.tour.tourplannerbackend.controller.UserController - Fetched 5 tours for userId=1
2026-06-29 12:46:47.209 [http-nio-8080-exec-8] DEBUG org.hibernate.SQL - select r1_0.tour_id,r1_0.id,r1_0.distance,r1_0.duration,r1_0.from_location,fc1_0.id,fc1_0.lat,fc1_0.lng,r1_0.to_location,tc1_0.id,tc1_0.lat,tc1_0.lng,r1_0.transport_mode from tour_route r1_0 left join coordinates fc1_0 on fc1_0.id=r1_0.from_coordinates_id left join coordinates tc1_0 on tc1_0.id=r1_0.to_coordinates_id where r1_0.tour_id=?
2026-06-29 12:46:47.210 [http-nio-8080-exec-8] TRACE org.hibernate.orm.jdbc.bind - binding parameter (1:BIGINT) <- [3]
2026-06-29 12:46:47.220 [http-nio-8080-exec-8] DEBUG org.hibernate.SQL - select rc1_0.tour_route_id,rc1_0.id,rc1_0.lat,rc1_0.lng from coordinates rc1_0 where rc1_0.tour_route_id=?
2026-06-29 12:46:47.221 [http-nio-8080-exec-8] TRACE org.hibernate.orm.jdbc.bind - binding parameter (1:BIGINT) <- [3]
2026-06-29 12:46:47.256 [http-nio-8080-exec-8] DEBUG org.hibernate.SQL - select l1_0.tour_id,l1_0.id,l1_0.comment,l1_0.created_at,l1_0.difficulty,l1_0.rating,l1_0.total_distance,l1_0.total_time from log l1_0 where l1_0.tour_id=?
2026-06-29 12:46:47.257 [http-nio-8080-exec-8] TRACE org.hibernate.orm.jdbc.bind - binding parameter (1:BIGINT) <- [3]
2026-06-29 12:46:47.260 [http-nio-8080-exec-8] DEBUG org.hibernate.SQL - select r1_0.tour_id,r1_0.id,r1_0.distance,r1_0.duration,r1_0.from_location,fc1_0.id,fc1_0.lat,fc1_0.lng,r1_0.to_location,tc1_0.id,tc1_0.lat,tc1_0.lng,r1_0.transport_mode from tour_route r1_0 left join coordinates fc1_0 on fc1_0.id=r1_0.from_coordinates_id left join coordinates tc1_0 on tc1_0.id=r1_0.to_coordinates_id where r1_0.tour_id=?
2026-06-29 12:46:47.261 [http-nio-8080-exec-8] TRACE org.hibernate.orm.jdbc.bind - binding parameter (1:BIGINT) <- [2]
2026-06-29 12:46:47.264 [http-nio-8080-exec-8] DEBUG org.hibernate.SQL - select rc1_0.tour_route_id,rc1_0.id,rc1_0.lat,rc1_0.lng from coordinates rc1_0 where rc1_0.tour_route_id=?
2026-06-29 12:46:47.268 [http-nio-8080-exec-8] TRACE org.hibernate.orm.jdbc.bind - binding parameter (1:BIGINT) <- [2]
2026-06-29 12:46:47.271 [http-nio-8080-exec-8] DEBUG org.hibernate.SQL - select l1_0.tour_id,l1_0.id,l1_0.comment,l1_0.created_at,l1_0.difficulty,l1_0.rating,l1_0.total_distance,l1_0.total_time from log l1_0 where l1_0.tour_id=?
2026-06-29 12:46:47.272 [http-nio-8080-exec-8] TRACE org.hibernate.orm.jdbc.bind - binding parameter (1:BIGINT) <- [2]
2026-06-29 12:46:47.279 [http-nio-8080-exec-8] DEBUG org.hibernate.SQL - select r1_0.tour_id,r1_0.id,r1_0.distance,r1_0.duration,r1_0.from_location,fc1_0.id,fc1_0.lat,fc1_0.lng,r1_0.to_location,tc1_0.id,tc1_0.lat,tc1_0.lng,r1_0.transport_mode from tour_route r1_0 left join coordinates fc1_0 on fc1_0.id=r1_0.from_coordinates_id left join coordinates tc1_0 on tc1_0.id=r1_0.to_coordinates_id where r1_0.tour_id=?
2026-06-29 12:46:47.279 [http-nio-8080-exec-8] TRACE org.hibernate.orm.jdbc.bind - binding parameter (1:BIGINT) <- [1]
2026-06-29 12:46:47.283 [http-nio-8080-exec-8] DEBUG org.hibernate.SQL - select rc1_0.tour_route_id,rc1_0.id,rc1_0.lat,rc1_0.lng from coordinates rc1_0 where rc1_0.tour_route_id=?
2026-06-29 12:46:47.285 [http-nio-8080-exec-8] TRACE org.hibernate.orm.jdbc.bind - binding parameter (1:BIGINT) <- [1]
2026-06-29 12:46:47.292 [http-nio-8080-exec-8] DEBUG org.hibernate.SQL - select l1_0.tour_id,l1_0.id,l1_0.comment,l1_0.created_at,l1_0.difficulty,l1_0.rating,l1_0.total_distance,l1_0.total_time from log l1_0 where l1_0.tour_id=?
2026-06-29 12:46:47.293 [http-nio-8080-exec-8] TRACE org.hibernate.orm.jdbc.bind - binding parameter (1:BIGINT) <- [1]
2026-06-29 12:46:47.297 [http-nio-8080-exec-8] DEBUG org.hibernate.SQL - select r1_0.tour_id,r1_0.id,r1_0.distance,r1_0.duration,r1_0.from_location,fc1_0.id,fc1_0.lat,fc1_0.lng,r1_0.to_location,tc1_0.id,tc1_0.lat,tc1_0.lng,r1_0.transport_mode from tour_route r1_0 left join coordinates fc1_0 on fc1_0.id=r1_0.from_coordinates_id left join coordinates tc1_0 on tc1_0.id=r1_0.to_coordinates_id where r1_0.tour_id=?
2026-06-29 12:46:47.298 [http-nio-8080-exec-8] TRACE org.hibernate.orm.jdbc.bind - binding parameter (1:BIGINT) <- [4]
2026-06-29 12:46:47.302 [http-nio-8080-exec-8] DEBUG org.hibernate.SQL - select rc1_0.tour_route_id,rc1_0.id,rc1_0.lat,rc1_0.lng from coordinates rc1_0 where rc1_0.tour_route_id=?
2026-06-29 12:46:47.303 [http-nio-8080-exec-8] TRACE org.hibernate.orm.jdbc.bind - binding parameter (1:BIGINT) <- [5]
2026-06-29 12:46:47.306 [http-nio-8080-exec-8] DEBUG org.hibernate.SQL - select rc1_0.tour_route_id,rc1_0.id,rc1_0.lat,rc1_0.lng from coordinates rc1_0 where rc1_0.tour_route_id=?
2026-06-29 12:46:47.307 [http-nio-8080-exec-8] TRACE org.hibernate.orm.jdbc.bind - binding parameter (1:BIGINT) <- [4]
2026-06-29 12:46:47.311 [http-nio-8080-exec-8] DEBUG org.hibernate.SQL - select l1_0.tour_id,l1_0.id,l1_0.comment,l1_0.created_at,l1_0.difficulty,l1_0.rating,l1_0.total_distance,l1_0.total_time from log l1_0 where l1_0.tour_id=?
2026-06-29 12:46:47.312 [http-nio-8080-exec-8] TRACE org.hibernate.orm.jdbc.bind - binding parameter (1:BIGINT) <- [4]
2026-06-29 12:46:47.316 [http-nio-8080-exec-8] DEBUG org.hibernate.SQL - select r1_0.tour_id,r1_0.id,r1_0.distance,r1_0.duration,r1_0.from_location,fc1_0.id,fc1_0.lat,fc1_0.lng,r1_0.to_location,tc1_0.id,tc1_0.lat,tc1_0.lng,r1_0.transport_mode from tour_route r1_0 left join coordinates fc1_0 on fc1_0.id=r1_0.from_coordinates_id left join coordinates tc1_0 on tc1_0.id=r1_0.to_coordinates_id where r1_0.tour_id=?
2026-06-29 12:46:47.318 [http-nio-8080-exec-8] TRACE org.hibernate.orm.jdbc.bind - binding parameter (1:BIGINT) <- [5]
2026-06-29 12:46:47.321 [http-nio-8080-exec-8] DEBUG org.hibernate.SQL - select rc1_0.tour_route_id,rc1_0.id,rc1_0.lat,rc1_0.lng from coordinates rc1_0 where rc1_0.tour_route_id=?
2026-06-29 12:46:47.322 [http-nio-8080-exec-8] TRACE org.hibernate.orm.jdbc.bind - binding parameter (1:BIGINT) <- [6]
2026-06-29 12:46:47.330 [http-nio-8080-exec-8] DEBUG org.hibernate.SQL - select l1_0.tour_id,l1_0.id,l1_0.comment,l1_0.created_at,l1_0.difficulty,l1_0.rating,l1_0.total_distance,l1_0.total_time from log l1_0 where l1_0.tour_id=?
2026-06-29 12:46:47.334 [http-nio-8080-exec-8] TRACE org.hibernate.orm.jdbc.bind - binding parameter (1:BIGINT) <- [5]
2026-06-29 13:44:46.631 [http-nio-8080-exec-4] INFO  org.tour.tourplannerbackend.controller.AuthController - Login request received for username=a
2026-06-29 13:44:46.910 [http-nio-8080-exec-4] DEBUG org.hibernate.SQL - select u1_0.id,u1_0.email,u1_0.password,u1_0.username from users u1_0 where u1_0.username=?
2026-06-29 13:44:46.950 [http-nio-8080-exec-4] TRACE org.hibernate.orm.jdbc.bind - binding parameter (1:VARCHAR) <- [a]
2026-06-29 13:44:47.190 [http-nio-8080-exec-4] INFO  org.tour.tourplannerbackend.controller.AuthController - Login successful. userId=1, username=a
2026-06-29 13:44:47.223 [http-nio-8080-exec-1] INFO  org.tour.tourplannerbackend.controller.AuthController - Login request received for username=a
2026-06-29 13:44:47.225 [http-nio-8080-exec-1] DEBUG org.hibernate.SQL - select u1_0.id,u1_0.email,u1_0.password,u1_0.username from users u1_0 where u1_0.username=?
2026-06-29 13:44:47.228 [http-nio-8080-exec-1] TRACE org.hibernate.orm.jdbc.bind - binding parameter (1:VARCHAR) <- [a]
2026-06-29 13:44:47.256 [http-nio-8080-exec-1] INFO  org.tour.tourplannerbackend.controller.AuthController - Login successful. userId=1, username=a
2026-06-29 13:44:47.336 [http-nio-8080-exec-6] DEBUG org.hibernate.SQL - select u1_0.id from users u1_0 where u1_0.username=? fetch first ? rows only
2026-06-29 13:44:47.339 [http-nio-8080-exec-6] TRACE org.hibernate.orm.jdbc.bind - binding parameter (1:VARCHAR) <- [a]
2026-06-29 13:44:47.344 [http-nio-8080-exec-6] TRACE org.hibernate.orm.jdbc.bind - binding parameter (2:INTEGER) <- [1]
2026-06-29 13:44:47.439 [http-nio-8080-exec-6] INFO  org.tour.tourplannerbackend.controller.UserController - Request received to fetch tours for userId=1
2026-06-29 13:44:47.450 [http-nio-8080-exec-6] DEBUG org.hibernate.SQL - select t1_0.id,t1_0.child_friendly,t1_0.description,t1_0.estimated_time,t1_0.name,t1_0.popularity,t1_0.tour_type,t1_0.user_id from tours t1_0 where t1_0.user_id=?
2026-06-29 13:44:47.452 [http-nio-8080-exec-6] TRACE org.hibernate.orm.jdbc.bind - binding parameter (1:BIGINT) <- [1]
2026-06-29 13:44:47.530 [http-nio-8080-exec-6] DEBUG org.hibernate.SQL - select u1_0.id,u1_0.email,u1_0.password,u1_0.username from users u1_0 where u1_0.id=?
2026-06-29 13:44:47.532 [http-nio-8080-exec-6] TRACE org.hibernate.orm.jdbc.bind - binding parameter (1:BIGINT) <- [1]
2026-06-29 13:44:47.548 [http-nio-8080-exec-6] INFO  org.tour.tourplannerbackend.controller.UserController - Fetched 5 tours for userId=1
2026-06-29 13:44:47.583 [http-nio-8080-exec-6] DEBUG org.hibernate.SQL - select r1_0.tour_id,r1_0.id,r1_0.distance,r1_0.duration,r1_0.from_location,fc1_0.id,fc1_0.lat,fc1_0.lng,r1_0.to_location,tc1_0.id,tc1_0.lat,tc1_0.lng,r1_0.transport_mode from tour_route r1_0 left join coordinates fc1_0 on fc1_0.id=r1_0.from_coordinates_id left join coordinates tc1_0 on tc1_0.id=r1_0.to_coordinates_id where r1_0.tour_id=?
2026-06-29 13:44:47.584 [http-nio-8080-exec-6] TRACE org.hibernate.orm.jdbc.bind - binding parameter (1:BIGINT) <- [3]
2026-06-29 13:44:47.627 [http-nio-8080-exec-6] DEBUG org.hibernate.SQL - select rc1_0.tour_route_id,rc1_0.id,rc1_0.lat,rc1_0.lng from coordinates rc1_0 where rc1_0.tour_route_id=?
2026-06-29 13:44:47.629 [http-nio-8080-exec-6] TRACE org.hibernate.orm.jdbc.bind - binding parameter (1:BIGINT) <- [3]
2026-06-29 13:44:47.673 [http-nio-8080-exec-6] DEBUG org.hibernate.SQL - select l1_0.tour_id,l1_0.id,l1_0.comment,l1_0.created_at,l1_0.difficulty,l1_0.rating,l1_0.total_distance,l1_0.total_time from log l1_0 where l1_0.tour_id=?
2026-06-29 13:44:47.675 [http-nio-8080-exec-6] TRACE org.hibernate.orm.jdbc.bind - binding parameter (1:BIGINT) <- [3]
2026-06-29 13:44:47.679 [http-nio-8080-exec-6] DEBUG org.hibernate.SQL - select r1_0.tour_id,r1_0.id,r1_0.distance,r1_0.duration,r1_0.from_location,fc1_0.id,fc1_0.lat,fc1_0.lng,r1_0.to_location,tc1_0.id,tc1_0.lat,tc1_0.lng,r1_0.transport_mode from tour_route r1_0 left join coordinates fc1_0 on fc1_0.id=r1_0.from_coordinates_id left join coordinates tc1_0 on tc1_0.id=r1_0.to_coordinates_id where r1_0.tour_id=?
2026-06-29 13:44:47.681 [http-nio-8080-exec-6] TRACE org.hibernate.orm.jdbc.bind - binding parameter (1:BIGINT) <- [2]
2026-06-29 13:44:47.685 [http-nio-8080-exec-6] DEBUG org.hibernate.SQL - select rc1_0.tour_route_id,rc1_0.id,rc1_0.lat,rc1_0.lng from coordinates rc1_0 where rc1_0.tour_route_id=?
2026-06-29 13:44:47.686 [http-nio-8080-exec-6] TRACE org.hibernate.orm.jdbc.bind - binding parameter (1:BIGINT) <- [2]
2026-06-29 13:44:47.684 [http-nio-8080-exec-7] DEBUG org.hibernate.SQL - select u1_0.id from users u1_0 where u1_0.username=? fetch first ? rows only
2026-06-29 13:44:47.689 [http-nio-8080-exec-7] TRACE org.hibernate.orm.jdbc.bind - binding parameter (1:VARCHAR) <- [a]
2026-06-29 13:44:47.691 [http-nio-8080-exec-7] TRACE org.hibernate.orm.jdbc.bind - binding parameter (2:INTEGER) <- [1]
2026-06-29 13:44:47.692 [http-nio-8080-exec-6] DEBUG org.hibernate.SQL - select l1_0.tour_id,l1_0.id,l1_0.comment,l1_0.created_at,l1_0.difficulty,l1_0.rating,l1_0.total_distance,l1_0.total_time from log l1_0 where l1_0.tour_id=?
2026-06-29 13:44:47.693 [http-nio-8080-exec-6] TRACE org.hibernate.orm.jdbc.bind - binding parameter (1:BIGINT) <- [2]
2026-06-29 13:44:47.695 [http-nio-8080-exec-7] INFO  org.tour.tourplannerbackend.controller.UserController - Request received to fetch tours for userId=1
2026-06-29 13:44:47.697 [http-nio-8080-exec-7] DEBUG org.hibernate.SQL - select t1_0.id,t1_0.child_friendly,t1_0.description,t1_0.estimated_time,t1_0.name,t1_0.popularity,t1_0.tour_type,t1_0.user_id from tours t1_0 where t1_0.user_id=?
2026-06-29 13:44:47.698 [http-nio-8080-exec-7] TRACE org.hibernate.orm.jdbc.bind - binding parameter (1:BIGINT) <- [1]
2026-06-29 13:44:47.704 [http-nio-8080-exec-7] DEBUG org.hibernate.SQL - select u1_0.id,u1_0.email,u1_0.password,u1_0.username from users u1_0 where u1_0.id=?
2026-06-29 13:44:47.706 [http-nio-8080-exec-7] TRACE org.hibernate.orm.jdbc.bind - binding parameter (1:BIGINT) <- [1]
2026-06-29 13:44:47.709 [http-nio-8080-exec-7] INFO  org.tour.tourplannerbackend.controller.UserController - Fetched 5 tours for userId=1
2026-06-29 13:44:47.712 [http-nio-8080-exec-7] DEBUG org.hibernate.SQL - select r1_0.tour_id,r1_0.id,r1_0.distance,r1_0.duration,r1_0.from_location,fc1_0.id,fc1_0.lat,fc1_0.lng,r1_0.to_location,tc1_0.id,tc1_0.lat,tc1_0.lng,r1_0.transport_mode from tour_route r1_0 left join coordinates fc1_0 on fc1_0.id=r1_0.from_coordinates_id left join coordinates tc1_0 on tc1_0.id=r1_0.to_coordinates_id where r1_0.tour_id=?
2026-06-29 13:44:47.713 [http-nio-8080-exec-6] DEBUG org.hibernate.SQL - select r1_0.tour_id,r1_0.id,r1_0.distance,r1_0.duration,r1_0.from_location,fc1_0.id,fc1_0.lat,fc1_0.lng,r1_0.to_location,tc1_0.id,tc1_0.lat,tc1_0.lng,r1_0.transport_mode from tour_route r1_0 left join coordinates fc1_0 on fc1_0.id=r1_0.from_coordinates_id left join coordinates tc1_0 on tc1_0.id=r1_0.to_coordinates_id where r1_0.tour_id=?
2026-06-29 13:44:47.713 [http-nio-8080-exec-7] TRACE org.hibernate.orm.jdbc.bind - binding parameter (1:BIGINT) <- [3]
2026-06-29 13:44:47.714 [http-nio-8080-exec-6] TRACE org.hibernate.orm.jdbc.bind - binding parameter (1:BIGINT) <- [1]
2026-06-29 13:44:47.718 [http-nio-8080-exec-7] DEBUG org.hibernate.SQL - select rc1_0.tour_route_id,rc1_0.id,rc1_0.lat,rc1_0.lng from coordinates rc1_0 where rc1_0.tour_route_id=?
2026-06-29 13:44:47.719 [http-nio-8080-exec-7] TRACE org.hibernate.orm.jdbc.bind - binding parameter (1:BIGINT) <- [3]
2026-06-29 13:44:47.720 [http-nio-8080-exec-6] DEBUG org.hibernate.SQL - select rc1_0.tour_route_id,rc1_0.id,rc1_0.lat,rc1_0.lng from coordinates rc1_0 where rc1_0.tour_route_id=?
2026-06-29 13:44:47.724 [http-nio-8080-exec-6] TRACE org.hibernate.orm.jdbc.bind - binding parameter (1:BIGINT) <- [1]
2026-06-29 13:44:47.732 [http-nio-8080-exec-6] DEBUG org.hibernate.SQL - select l1_0.tour_id,l1_0.id,l1_0.comment,l1_0.created_at,l1_0.difficulty,l1_0.rating,l1_0.total_distance,l1_0.total_time from log l1_0 where l1_0.tour_id=?
2026-06-29 13:44:47.733 [http-nio-8080-exec-6] TRACE org.hibernate.orm.jdbc.bind - binding parameter (1:BIGINT) <- [1]
2026-06-29 13:44:47.738 [http-nio-8080-exec-6] DEBUG org.hibernate.SQL - select r1_0.tour_id,r1_0.id,r1_0.distance,r1_0.duration,r1_0.from_location,fc1_0.id,fc1_0.lat,fc1_0.lng,r1_0.to_location,tc1_0.id,tc1_0.lat,tc1_0.lng,r1_0.transport_mode from tour_route r1_0 left join coordinates fc1_0 on fc1_0.id=r1_0.from_coordinates_id left join coordinates tc1_0 on tc1_0.id=r1_0.to_coordinates_id where r1_0.tour_id=?
2026-06-29 13:44:47.739 [http-nio-8080-exec-6] TRACE org.hibernate.orm.jdbc.bind - binding parameter (1:BIGINT) <- [4]
2026-06-29 13:44:47.744 [http-nio-8080-exec-6] DEBUG org.hibernate.SQL - select rc1_0.tour_route_id,rc1_0.id,rc1_0.lat,rc1_0.lng from coordinates rc1_0 where rc1_0.tour_route_id=?
2026-06-29 13:44:47.745 [http-nio-8080-exec-6] TRACE org.hibernate.orm.jdbc.bind - binding parameter (1:BIGINT) <- [5]
2026-06-29 13:44:47.748 [http-nio-8080-exec-6] DEBUG org.hibernate.SQL - select rc1_0.tour_route_id,rc1_0.id,rc1_0.lat,rc1_0.lng from coordinates rc1_0 where rc1_0.tour_route_id=?
2026-06-29 13:44:47.748 [http-nio-8080-exec-7] DEBUG org.hibernate.SQL - select l1_0.tour_id,l1_0.id,l1_0.comment,l1_0.created_at,l1_0.difficulty,l1_0.rating,l1_0.total_distance,l1_0.total_time from log l1_0 where l1_0.tour_id=?
2026-06-29 13:44:47.750 [http-nio-8080-exec-6] TRACE org.hibernate.orm.jdbc.bind - binding parameter (1:BIGINT) <- [4]
2026-06-29 13:44:47.751 [http-nio-8080-exec-7] TRACE org.hibernate.orm.jdbc.bind - binding parameter (1:BIGINT) <- [3]
2026-06-29 13:44:47.754 [http-nio-8080-exec-6] DEBUG org.hibernate.SQL - select l1_0.tour_id,l1_0.id,l1_0.comment,l1_0.created_at,l1_0.difficulty,l1_0.rating,l1_0.total_distance,l1_0.total_time from log l1_0 where l1_0.tour_id=?
2026-06-29 13:44:47.754 [http-nio-8080-exec-7] DEBUG org.hibernate.SQL - select r1_0.tour_id,r1_0.id,r1_0.distance,r1_0.duration,r1_0.from_location,fc1_0.id,fc1_0.lat,fc1_0.lng,r1_0.to_location,tc1_0.id,tc1_0.lat,tc1_0.lng,r1_0.transport_mode from tour_route r1_0 left join coordinates fc1_0 on fc1_0.id=r1_0.from_coordinates_id left join coordinates tc1_0 on tc1_0.id=r1_0.to_coordinates_id where r1_0.tour_id=?
2026-06-29 13:44:47.755 [http-nio-8080-exec-6] TRACE org.hibernate.orm.jdbc.bind - binding parameter (1:BIGINT) <- [4]
2026-06-29 13:44:47.756 [http-nio-8080-exec-7] TRACE org.hibernate.orm.jdbc.bind - binding parameter (1:BIGINT) <- [2]
2026-06-29 13:44:47.759 [http-nio-8080-exec-6] DEBUG org.hibernate.SQL - select r1_0.tour_id,r1_0.id,r1_0.distance,r1_0.duration,r1_0.from_location,fc1_0.id,fc1_0.lat,fc1_0.lng,r1_0.to_location,tc1_0.id,tc1_0.lat,tc1_0.lng,r1_0.transport_mode from tour_route r1_0 left join coordinates fc1_0 on fc1_0.id=r1_0.from_coordinates_id left join coordinates tc1_0 on tc1_0.id=r1_0.to_coordinates_id where r1_0.tour_id=?
2026-06-29 13:44:47.759 [http-nio-8080-exec-7] DEBUG org.hibernate.SQL - select rc1_0.tour_route_id,rc1_0.id,rc1_0.lat,rc1_0.lng from coordinates rc1_0 where rc1_0.tour_route_id=?
2026-06-29 13:44:47.760 [http-nio-8080-exec-6] TRACE org.hibernate.orm.jdbc.bind - binding parameter (1:BIGINT) <- [5]
2026-06-29 13:44:47.760 [http-nio-8080-exec-7] TRACE org.hibernate.orm.jdbc.bind - binding parameter (1:BIGINT) <- [2]
2026-06-29 13:44:47.763 [http-nio-8080-exec-6] DEBUG org.hibernate.SQL - select rc1_0.tour_route_id,rc1_0.id,rc1_0.lat,rc1_0.lng from coordinates rc1_0 where rc1_0.tour_route_id=?
2026-06-29 13:44:47.764 [http-nio-8080-exec-7] DEBUG org.hibernate.SQL - select l1_0.tour_id,l1_0.id,l1_0.comment,l1_0.created_at,l1_0.difficulty,l1_0.rating,l1_0.total_distance,l1_0.total_time from log l1_0 where l1_0.tour_id=?
2026-06-29 13:44:47.764 [http-nio-8080-exec-6] TRACE org.hibernate.orm.jdbc.bind - binding parameter (1:BIGINT) <- [6]
2026-06-29 13:44:47.765 [http-nio-8080-exec-7] TRACE org.hibernate.orm.jdbc.bind - binding parameter (1:BIGINT) <- [2]
2026-06-29 13:44:47.769 [http-nio-8080-exec-7] DEBUG org.hibernate.SQL - select r1_0.tour_id,r1_0.id,r1_0.distance,r1_0.duration,r1_0.from_location,fc1_0.id,fc1_0.lat,fc1_0.lng,r1_0.to_location,tc1_0.id,tc1_0.lat,tc1_0.lng,r1_0.transport_mode from tour_route r1_0 left join coordinates fc1_0 on fc1_0.id=r1_0.from_coordinates_id left join coordinates tc1_0 on tc1_0.id=r1_0.to_coordinates_id where r1_0.tour_id=?
2026-06-29 13:44:47.771 [http-nio-8080-exec-7] TRACE org.hibernate.orm.jdbc.bind - binding parameter (1:BIGINT) <- [1]
2026-06-29 13:44:47.772 [http-nio-8080-exec-6] DEBUG org.hibernate.SQL - select l1_0.tour_id,l1_0.id,l1_0.comment,l1_0.created_at,l1_0.difficulty,l1_0.rating,l1_0.total_distance,l1_0.total_time from log l1_0 where l1_0.tour_id=?
2026-06-29 13:44:47.773 [http-nio-8080-exec-6] TRACE org.hibernate.orm.jdbc.bind - binding parameter (1:BIGINT) <- [5]
2026-06-29 13:44:47.774 [http-nio-8080-exec-7] DEBUG org.hibernate.SQL - select rc1_0.tour_route_id,rc1_0.id,rc1_0.lat,rc1_0.lng from coordinates rc1_0 where rc1_0.tour_route_id=?
2026-06-29 13:44:47.775 [http-nio-8080-exec-7] TRACE org.hibernate.orm.jdbc.bind - binding parameter (1:BIGINT) <- [1]
2026-06-29 13:44:47.786 [http-nio-8080-exec-7] DEBUG org.hibernate.SQL - select l1_0.tour_id,l1_0.id,l1_0.comment,l1_0.created_at,l1_0.difficulty,l1_0.rating,l1_0.total_distance,l1_0.total_time from log l1_0 where l1_0.tour_id=?
2026-06-29 13:44:47.788 [http-nio-8080-exec-7] TRACE org.hibernate.orm.jdbc.bind - binding parameter (1:BIGINT) <- [1]
2026-06-29 13:44:47.791 [http-nio-8080-exec-7] DEBUG org.hibernate.SQL - select r1_0.tour_id,r1_0.id,r1_0.distance,r1_0.duration,r1_0.from_location,fc1_0.id,fc1_0.lat,fc1_0.lng,r1_0.to_location,tc1_0.id,tc1_0.lat,tc1_0.lng,r1_0.transport_mode from tour_route r1_0 left join coordinates fc1_0 on fc1_0.id=r1_0.from_coordinates_id left join coordinates tc1_0 on tc1_0.id=r1_0.to_coordinates_id where r1_0.tour_id=?
2026-06-29 13:44:47.792 [http-nio-8080-exec-7] TRACE org.hibernate.orm.jdbc.bind - binding parameter (1:BIGINT) <- [4]
2026-06-29 13:44:47.795 [http-nio-8080-exec-7] DEBUG org.hibernate.SQL - select rc1_0.tour_route_id,rc1_0.id,rc1_0.lat,rc1_0.lng from coordinates rc1_0 where rc1_0.tour_route_id=?
2026-06-29 13:44:47.796 [http-nio-8080-exec-7] TRACE org.hibernate.orm.jdbc.bind - binding parameter (1:BIGINT) <- [5]
2026-06-29 13:44:47.843 [http-nio-8080-exec-7] DEBUG org.hibernate.SQL - select rc1_0.tour_route_id,rc1_0.id,rc1_0.lat,rc1_0.lng from coordinates rc1_0 where rc1_0.tour_route_id=?
2026-06-29 13:44:47.844 [http-nio-8080-exec-7] TRACE org.hibernate.orm.jdbc.bind - binding parameter (1:BIGINT) <- [4]
2026-06-29 13:44:47.848 [http-nio-8080-exec-7] DEBUG org.hibernate.SQL - select l1_0.tour_id,l1_0.id,l1_0.comment,l1_0.created_at,l1_0.difficulty,l1_0.rating,l1_0.total_distance,l1_0.total_time from log l1_0 where l1_0.tour_id=?
2026-06-29 13:44:47.850 [http-nio-8080-exec-7] TRACE org.hibernate.orm.jdbc.bind - binding parameter (1:BIGINT) <- [4]
2026-06-29 13:44:47.853 [http-nio-8080-exec-7] DEBUG org.hibernate.SQL - select r1_0.tour_id,r1_0.id,r1_0.distance,r1_0.duration,r1_0.from_location,fc1_0.id,fc1_0.lat,fc1_0.lng,r1_0.to_location,tc1_0.id,tc1_0.lat,tc1_0.lng,r1_0.transport_mode from tour_route r1_0 left join coordinates fc1_0 on fc1_0.id=r1_0.from_coordinates_id left join coordinates tc1_0 on tc1_0.id=r1_0.to_coordinates_id where r1_0.tour_id=?
2026-06-29 13:44:47.854 [http-nio-8080-exec-7] TRACE org.hibernate.orm.jdbc.bind - binding parameter (1:BIGINT) <- [5]
2026-06-29 13:44:47.857 [http-nio-8080-exec-7] DEBUG org.hibernate.SQL - select rc1_0.tour_route_id,rc1_0.id,rc1_0.lat,rc1_0.lng from coordinates rc1_0 where rc1_0.tour_route_id=?
2026-06-29 13:44:47.858 [http-nio-8080-exec-7] TRACE org.hibernate.orm.jdbc.bind - binding parameter (1:BIGINT) <- [6]
2026-06-29 13:44:47.864 [http-nio-8080-exec-7] DEBUG org.hibernate.SQL - select l1_0.tour_id,l1_0.id,l1_0.comment,l1_0.created_at,l1_0.difficulty,l1_0.rating,l1_0.total_distance,l1_0.total_time from log l1_0 where l1_0.tour_id=?
2026-06-29 13:44:47.865 [http-nio-8080-exec-7] TRACE org.hibernate.orm.jdbc.bind - binding parameter (1:BIGINT) <- [5]
2026-06-29 13:45:56.239 [http-nio-8080-exec-8] INFO  org.tour.tourplannerbackend.controller.AuthController - Login request received for username=a
2026-06-29 13:45:56.332 [http-nio-8080-exec-8] DEBUG org.hibernate.SQL - select u1_0.id,u1_0.email,u1_0.password,u1_0.username from users u1_0 where u1_0.username=?
2026-06-29 13:45:56.349 [http-nio-8080-exec-8] TRACE org.hibernate.orm.jdbc.bind - binding parameter (1:VARCHAR) <- [a]
2026-06-29 13:45:56.393 [http-nio-8080-exec-8] INFO  org.tour.tourplannerbackend.controller.AuthController - Login successful. userId=1, username=a
2026-06-29 13:45:56.481 [http-nio-8080-exec-3] DEBUG org.hibernate.SQL - select u1_0.id from users u1_0 where u1_0.username=? fetch first ? rows only
2026-06-29 13:45:56.485 [http-nio-8080-exec-3] TRACE org.hibernate.orm.jdbc.bind - binding parameter (1:VARCHAR) <- [a]
2026-06-29 13:45:56.487 [http-nio-8080-exec-3] TRACE org.hibernate.orm.jdbc.bind - binding parameter (2:INTEGER) <- [1]
2026-06-29 13:45:56.499 [http-nio-8080-exec-3] INFO  org.tour.tourplannerbackend.controller.UserController - Request received to fetch tours for userId=1
2026-06-29 13:45:56.591 [http-nio-8080-exec-3] DEBUG org.hibernate.SQL - select t1_0.id,t1_0.child_friendly,t1_0.description,t1_0.estimated_time,t1_0.name,t1_0.popularity,t1_0.tour_type,t1_0.user_id from tours t1_0 where t1_0.user_id=?
2026-06-29 13:45:56.597 [http-nio-8080-exec-3] TRACE org.hibernate.orm.jdbc.bind - binding parameter (1:BIGINT) <- [1]
2026-06-29 13:45:56.629 [http-nio-8080-exec-3] DEBUG org.hibernate.SQL - select u1_0.id,u1_0.email,u1_0.password,u1_0.username from users u1_0 where u1_0.id=?
2026-06-29 13:45:56.631 [http-nio-8080-exec-3] TRACE org.hibernate.orm.jdbc.bind - binding parameter (1:BIGINT) <- [1]
2026-06-29 13:45:56.647 [http-nio-8080-exec-3] INFO  org.tour.tourplannerbackend.controller.UserController - Fetched 5 tours for userId=1
2026-06-29 13:45:56.664 [http-nio-8080-exec-3] DEBUG org.hibernate.SQL - select r1_0.tour_id,r1_0.id,r1_0.distance,r1_0.duration,r1_0.from_location,fc1_0.id,fc1_0.lat,fc1_0.lng,r1_0.to_location,tc1_0.id,tc1_0.lat,tc1_0.lng,r1_0.transport_mode from tour_route r1_0 left join coordinates fc1_0 on fc1_0.id=r1_0.from_coordinates_id left join coordinates tc1_0 on tc1_0.id=r1_0.to_coordinates_id where r1_0.tour_id=?
2026-06-29 13:45:56.666 [http-nio-8080-exec-3] TRACE org.hibernate.orm.jdbc.bind - binding parameter (1:BIGINT) <- [3]
2026-06-29 13:45:56.682 [http-nio-8080-exec-3] DEBUG org.hibernate.SQL - select rc1_0.tour_route_id,rc1_0.id,rc1_0.lat,rc1_0.lng from coordinates rc1_0 where rc1_0.tour_route_id=?
2026-06-29 13:45:56.683 [http-nio-8080-exec-3] TRACE org.hibernate.orm.jdbc.bind - binding parameter (1:BIGINT) <- [3]
2026-06-29 13:45:56.725 [http-nio-8080-exec-3] DEBUG org.hibernate.SQL - select l1_0.tour_id,l1_0.id,l1_0.comment,l1_0.created_at,l1_0.difficulty,l1_0.rating,l1_0.total_distance,l1_0.total_time from log l1_0 where l1_0.tour_id=?
2026-06-29 13:45:56.727 [http-nio-8080-exec-3] TRACE org.hibernate.orm.jdbc.bind - binding parameter (1:BIGINT) <- [3]
2026-06-29 13:45:56.730 [http-nio-8080-exec-3] DEBUG org.hibernate.SQL - select r1_0.tour_id,r1_0.id,r1_0.distance,r1_0.duration,r1_0.from_location,fc1_0.id,fc1_0.lat,fc1_0.lng,r1_0.to_location,tc1_0.id,tc1_0.lat,tc1_0.lng,r1_0.transport_mode from tour_route r1_0 left join coordinates fc1_0 on fc1_0.id=r1_0.from_coordinates_id left join coordinates tc1_0 on tc1_0.id=r1_0.to_coordinates_id where r1_0.tour_id=?
2026-06-29 13:45:56.731 [http-nio-8080-exec-3] TRACE org.hibernate.orm.jdbc.bind - binding parameter (1:BIGINT) <- [2]
2026-06-29 13:45:56.737 [http-nio-8080-exec-3] DEBUG org.hibernate.SQL - select rc1_0.tour_route_id,rc1_0.id,rc1_0.lat,rc1_0.lng from coordinates rc1_0 where rc1_0.tour_route_id=?
2026-06-29 13:45:56.738 [http-nio-8080-exec-3] TRACE org.hibernate.orm.jdbc.bind - binding parameter (1:BIGINT) <- [2]
2026-06-29 13:45:56.743 [http-nio-8080-exec-3] DEBUG org.hibernate.SQL - select l1_0.tour_id,l1_0.id,l1_0.comment,l1_0.created_at,l1_0.difficulty,l1_0.rating,l1_0.total_distance,l1_0.total_time from log l1_0 where l1_0.tour_id=?
2026-06-29 13:45:56.744 [http-nio-8080-exec-3] TRACE org.hibernate.orm.jdbc.bind - binding parameter (1:BIGINT) <- [2]
2026-06-29 13:45:56.753 [http-nio-8080-exec-3] DEBUG org.hibernate.SQL - select r1_0.tour_id,r1_0.id,r1_0.distance,r1_0.duration,r1_0.from_location,fc1_0.id,fc1_0.lat,fc1_0.lng,r1_0.to_location,tc1_0.id,tc1_0.lat,tc1_0.lng,r1_0.transport_mode from tour_route r1_0 left join coordinates fc1_0 on fc1_0.id=r1_0.from_coordinates_id left join coordinates tc1_0 on tc1_0.id=r1_0.to_coordinates_id where r1_0.tour_id=?
2026-06-29 13:45:56.754 [http-nio-8080-exec-3] TRACE org.hibernate.orm.jdbc.bind - binding parameter (1:BIGINT) <- [1]
2026-06-29 13:45:56.757 [http-nio-8080-exec-3] DEBUG org.hibernate.SQL - select rc1_0.tour_route_id,rc1_0.id,rc1_0.lat,rc1_0.lng from coordinates rc1_0 where rc1_0.tour_route_id=?
2026-06-29 13:45:56.758 [http-nio-8080-exec-3] TRACE org.hibernate.orm.jdbc.bind - binding parameter (1:BIGINT) <- [1]
2026-06-29 13:45:56.770 [http-nio-8080-exec-3] DEBUG org.hibernate.SQL - select l1_0.tour_id,l1_0.id,l1_0.comment,l1_0.created_at,l1_0.difficulty,l1_0.rating,l1_0.total_distance,l1_0.total_time from log l1_0 where l1_0.tour_id=?
2026-06-29 13:45:56.771 [http-nio-8080-exec-3] TRACE org.hibernate.orm.jdbc.bind - binding parameter (1:BIGINT) <- [1]
2026-06-29 13:45:56.776 [http-nio-8080-exec-3] DEBUG org.hibernate.SQL - select r1_0.tour_id,r1_0.id,r1_0.distance,r1_0.duration,r1_0.from_location,fc1_0.id,fc1_0.lat,fc1_0.lng,r1_0.to_location,tc1_0.id,tc1_0.lat,tc1_0.lng,r1_0.transport_mode from tour_route r1_0 left join coordinates fc1_0 on fc1_0.id=r1_0.from_coordinates_id left join coordinates tc1_0 on tc1_0.id=r1_0.to_coordinates_id where r1_0.tour_id=?
2026-06-29 13:45:56.777 [http-nio-8080-exec-3] TRACE org.hibernate.orm.jdbc.bind - binding parameter (1:BIGINT) <- [4]
2026-06-29 13:45:56.781 [http-nio-8080-exec-3] DEBUG org.hibernate.SQL - select rc1_0.tour_route_id,rc1_0.id,rc1_0.lat,rc1_0.lng from coordinates rc1_0 where rc1_0.tour_route_id=?
2026-06-29 13:45:56.782 [http-nio-8080-exec-3] TRACE org.hibernate.orm.jdbc.bind - binding parameter (1:BIGINT) <- [5]
2026-06-29 13:45:56.785 [http-nio-8080-exec-3] DEBUG org.hibernate.SQL - select rc1_0.tour_route_id,rc1_0.id,rc1_0.lat,rc1_0.lng from coordinates rc1_0 where rc1_0.tour_route_id=?
2026-06-29 13:45:56.786 [http-nio-8080-exec-3] TRACE org.hibernate.orm.jdbc.bind - binding parameter (1:BIGINT) <- [4]
2026-06-29 13:45:56.790 [http-nio-8080-exec-3] DEBUG org.hibernate.SQL - select l1_0.tour_id,l1_0.id,l1_0.comment,l1_0.created_at,l1_0.difficulty,l1_0.rating,l1_0.total_distance,l1_0.total_time from log l1_0 where l1_0.tour_id=?
2026-06-29 13:45:56.791 [http-nio-8080-exec-3] TRACE org.hibernate.orm.jdbc.bind - binding parameter (1:BIGINT) <- [4]
2026-06-29 13:45:56.794 [http-nio-8080-exec-3] DEBUG org.hibernate.SQL - select r1_0.tour_id,r1_0.id,r1_0.distance,r1_0.duration,r1_0.from_location,fc1_0.id,fc1_0.lat,fc1_0.lng,r1_0.to_location,tc1_0.id,tc1_0.lat,tc1_0.lng,r1_0.transport_mode from tour_route r1_0 left join coordinates fc1_0 on fc1_0.id=r1_0.from_coordinates_id left join coordinates tc1_0 on tc1_0.id=r1_0.to_coordinates_id where r1_0.tour_id=?
2026-06-29 13:45:56.795 [http-nio-8080-exec-3] TRACE org.hibernate.orm.jdbc.bind - binding parameter (1:BIGINT) <- [5]
2026-06-29 13:45:56.799 [http-nio-8080-exec-3] DEBUG org.hibernate.SQL - select rc1_0.tour_route_id,rc1_0.id,rc1_0.lat,rc1_0.lng from coordinates rc1_0 where rc1_0.tour_route_id=?
2026-06-29 13:45:56.800 [http-nio-8080-exec-3] TRACE org.hibernate.orm.jdbc.bind - binding parameter (1:BIGINT) <- [6]
2026-06-29 13:45:56.808 [http-nio-8080-exec-3] DEBUG org.hibernate.SQL - select l1_0.tour_id,l1_0.id,l1_0.comment,l1_0.created_at,l1_0.difficulty,l1_0.rating,l1_0.total_distance,l1_0.total_time from log l1_0 where l1_0.tour_id=?
2026-06-29 13:45:56.809 [http-nio-8080-exec-3] TRACE org.hibernate.orm.jdbc.bind - binding parameter (1:BIGINT) <- [5]
2026-06-29 13:51:29.792 [http-nio-8080-exec-4] INFO  org.tour.tourplannerbackend.controller.AuthController - Login request received for username=a
2026-06-29 13:51:29.909 [http-nio-8080-exec-4] DEBUG org.hibernate.SQL - select u1_0.id,u1_0.email,u1_0.password,u1_0.username from users u1_0 where u1_0.username=?
2026-06-29 13:51:29.933 [http-nio-8080-exec-4] TRACE org.hibernate.orm.jdbc.bind - binding parameter (1:VARCHAR) <- [a]
2026-06-29 13:51:29.992 [http-nio-8080-exec-4] INFO  org.tour.tourplannerbackend.controller.AuthController - Login successful. userId=1, username=a
2026-06-29 13:51:30.090 [http-nio-8080-exec-5] DEBUG org.hibernate.SQL - select u1_0.id from users u1_0 where u1_0.username=? fetch first ? rows only
2026-06-29 13:51:30.097 [http-nio-8080-exec-5] TRACE org.hibernate.orm.jdbc.bind - binding parameter (1:VARCHAR) <- [a]
2026-06-29 13:51:30.099 [http-nio-8080-exec-5] TRACE org.hibernate.orm.jdbc.bind - binding parameter (2:INTEGER) <- [1]
2026-06-29 13:51:30.114 [http-nio-8080-exec-5] INFO  org.tour.tourplannerbackend.controller.UserController - Request received to fetch tours for userId=1
2026-06-29 13:51:30.119 [http-nio-8080-exec-5] DEBUG org.hibernate.SQL - select t1_0.id,t1_0.child_friendly,t1_0.description,t1_0.estimated_time,t1_0.name,t1_0.popularity,t1_0.tour_type,t1_0.user_id from tours t1_0 where t1_0.user_id=?
2026-06-29 13:51:30.122 [http-nio-8080-exec-5] TRACE org.hibernate.orm.jdbc.bind - binding parameter (1:BIGINT) <- [1]
2026-06-29 13:51:30.152 [http-nio-8080-exec-5] DEBUG org.hibernate.SQL - select u1_0.id,u1_0.email,u1_0.password,u1_0.username from users u1_0 where u1_0.id=?
2026-06-29 13:51:30.156 [http-nio-8080-exec-5] TRACE org.hibernate.orm.jdbc.bind - binding parameter (1:BIGINT) <- [1]
2026-06-29 13:51:30.165 [http-nio-8080-exec-5] INFO  org.tour.tourplannerbackend.controller.UserController - Fetched 5 tours for userId=1
2026-06-29 13:51:30.179 [http-nio-8080-exec-5] DEBUG org.hibernate.SQL - select r1_0.tour_id,r1_0.id,r1_0.distance,r1_0.duration,r1_0.from_location,fc1_0.id,fc1_0.lat,fc1_0.lng,r1_0.to_location,tc1_0.id,tc1_0.lat,tc1_0.lng,r1_0.transport_mode from tour_route r1_0 left join coordinates fc1_0 on fc1_0.id=r1_0.from_coordinates_id left join coordinates tc1_0 on tc1_0.id=r1_0.to_coordinates_id where r1_0.tour_id=?
2026-06-29 13:51:30.181 [http-nio-8080-exec-5] TRACE org.hibernate.orm.jdbc.bind - binding parameter (1:BIGINT) <- [3]
2026-06-29 13:51:30.193 [http-nio-8080-exec-5] DEBUG org.hibernate.SQL - select rc1_0.tour_route_id,rc1_0.id,rc1_0.lat,rc1_0.lng from coordinates rc1_0 where rc1_0.tour_route_id=?
2026-06-29 13:51:30.194 [http-nio-8080-exec-5] TRACE org.hibernate.orm.jdbc.bind - binding parameter (1:BIGINT) <- [3]
2026-06-29 13:51:30.226 [http-nio-8080-exec-5] DEBUG org.hibernate.SQL - select l1_0.tour_id,l1_0.id,l1_0.comment,l1_0.created_at,l1_0.difficulty,l1_0.rating,l1_0.total_distance,l1_0.total_time from log l1_0 where l1_0.tour_id=?
2026-06-29 13:51:30.228 [http-nio-8080-exec-5] TRACE org.hibernate.orm.jdbc.bind - binding parameter (1:BIGINT) <- [3]
2026-06-29 13:51:30.231 [http-nio-8080-exec-5] DEBUG org.hibernate.SQL - select r1_0.tour_id,r1_0.id,r1_0.distance,r1_0.duration,r1_0.from_location,fc1_0.id,fc1_0.lat,fc1_0.lng,r1_0.to_location,tc1_0.id,tc1_0.lat,tc1_0.lng,r1_0.transport_mode from tour_route r1_0 left join coordinates fc1_0 on fc1_0.id=r1_0.from_coordinates_id left join coordinates tc1_0 on tc1_0.id=r1_0.to_coordinates_id where r1_0.tour_id=?
2026-06-29 13:51:30.232 [http-nio-8080-exec-5] TRACE org.hibernate.orm.jdbc.bind - binding parameter (1:BIGINT) <- [2]
2026-06-29 13:51:30.237 [http-nio-8080-exec-5] DEBUG org.hibernate.SQL - select rc1_0.tour_route_id,rc1_0.id,rc1_0.lat,rc1_0.lng from coordinates rc1_0 where rc1_0.tour_route_id=?
2026-06-29 13:51:30.238 [http-nio-8080-exec-5] TRACE org.hibernate.orm.jdbc.bind - binding parameter (1:BIGINT) <- [2]
2026-06-29 13:51:30.241 [http-nio-8080-exec-5] DEBUG org.hibernate.SQL - select l1_0.tour_id,l1_0.id,l1_0.comment,l1_0.created_at,l1_0.difficulty,l1_0.rating,l1_0.total_distance,l1_0.total_time from log l1_0 where l1_0.tour_id=?
2026-06-29 13:51:30.241 [http-nio-8080-exec-5] TRACE org.hibernate.orm.jdbc.bind - binding parameter (1:BIGINT) <- [2]
2026-06-29 13:51:30.250 [http-nio-8080-exec-5] DEBUG org.hibernate.SQL - select r1_0.tour_id,r1_0.id,r1_0.distance,r1_0.duration,r1_0.from_location,fc1_0.id,fc1_0.lat,fc1_0.lng,r1_0.to_location,tc1_0.id,tc1_0.lat,tc1_0.lng,r1_0.transport_mode from tour_route r1_0 left join coordinates fc1_0 on fc1_0.id=r1_0.from_coordinates_id left join coordinates tc1_0 on tc1_0.id=r1_0.to_coordinates_id where r1_0.tour_id=?
2026-06-29 13:51:30.251 [http-nio-8080-exec-5] TRACE org.hibernate.orm.jdbc.bind - binding parameter (1:BIGINT) <- [1]
2026-06-29 13:51:30.253 [http-nio-8080-exec-5] DEBUG org.hibernate.SQL - select rc1_0.tour_route_id,rc1_0.id,rc1_0.lat,rc1_0.lng from coordinates rc1_0 where rc1_0.tour_route_id=?
2026-06-29 13:51:30.255 [http-nio-8080-exec-5] TRACE org.hibernate.orm.jdbc.bind - binding parameter (1:BIGINT) <- [1]
2026-06-29 13:51:30.262 [http-nio-8080-exec-5] DEBUG org.hibernate.SQL - select l1_0.tour_id,l1_0.id,l1_0.comment,l1_0.created_at,l1_0.difficulty,l1_0.rating,l1_0.total_distance,l1_0.total_time from log l1_0 where l1_0.tour_id=?
2026-06-29 13:51:30.263 [http-nio-8080-exec-5] TRACE org.hibernate.orm.jdbc.bind - binding parameter (1:BIGINT) <- [1]
2026-06-29 13:51:30.266 [http-nio-8080-exec-5] DEBUG org.hibernate.SQL - select r1_0.tour_id,r1_0.id,r1_0.distance,r1_0.duration,r1_0.from_location,fc1_0.id,fc1_0.lat,fc1_0.lng,r1_0.to_location,tc1_0.id,tc1_0.lat,tc1_0.lng,r1_0.transport_mode from tour_route r1_0 left join coordinates fc1_0 on fc1_0.id=r1_0.from_coordinates_id left join coordinates tc1_0 on tc1_0.id=r1_0.to_coordinates_id where r1_0.tour_id=?
2026-06-29 13:51:30.267 [http-nio-8080-exec-5] TRACE org.hibernate.orm.jdbc.bind - binding parameter (1:BIGINT) <- [4]
2026-06-29 13:51:30.270 [http-nio-8080-exec-5] DEBUG org.hibernate.SQL - select rc1_0.tour_route_id,rc1_0.id,rc1_0.lat,rc1_0.lng from coordinates rc1_0 where rc1_0.tour_route_id=?
2026-06-29 13:51:30.271 [http-nio-8080-exec-5] TRACE org.hibernate.orm.jdbc.bind - binding parameter (1:BIGINT) <- [5]
2026-06-29 13:51:30.274 [http-nio-8080-exec-5] DEBUG org.hibernate.SQL - select rc1_0.tour_route_id,rc1_0.id,rc1_0.lat,rc1_0.lng from coordinates rc1_0 where rc1_0.tour_route_id=?
2026-06-29 13:51:30.275 [http-nio-8080-exec-5] TRACE org.hibernate.orm.jdbc.bind - binding parameter (1:BIGINT) <- [4]
2026-06-29 13:51:30.278 [http-nio-8080-exec-5] DEBUG org.hibernate.SQL - select l1_0.tour_id,l1_0.id,l1_0.comment,l1_0.created_at,l1_0.difficulty,l1_0.rating,l1_0.total_distance,l1_0.total_time from log l1_0 where l1_0.tour_id=?
2026-06-29 13:51:30.279 [http-nio-8080-exec-5] TRACE org.hibernate.orm.jdbc.bind - binding parameter (1:BIGINT) <- [4]
2026-06-29 13:51:30.282 [http-nio-8080-exec-5] DEBUG org.hibernate.SQL - select r1_0.tour_id,r1_0.id,r1_0.distance,r1_0.duration,r1_0.from_location,fc1_0.id,fc1_0.lat,fc1_0.lng,r1_0.to_location,tc1_0.id,tc1_0.lat,tc1_0.lng,r1_0.transport_mode from tour_route r1_0 left join coordinates fc1_0 on fc1_0.id=r1_0.from_coordinates_id left join coordinates tc1_0 on tc1_0.id=r1_0.to_coordinates_id where r1_0.tour_id=?
2026-06-29 13:51:30.283 [http-nio-8080-exec-5] TRACE org.hibernate.orm.jdbc.bind - binding parameter (1:BIGINT) <- [5]
2026-06-29 13:51:30.286 [http-nio-8080-exec-5] DEBUG org.hibernate.SQL - select rc1_0.tour_route_id,rc1_0.id,rc1_0.lat,rc1_0.lng from coordinates rc1_0 where rc1_0.tour_route_id=?
2026-06-29 13:51:30.287 [http-nio-8080-exec-5] TRACE org.hibernate.orm.jdbc.bind - binding parameter (1:BIGINT) <- [6]
2026-06-29 13:51:30.294 [http-nio-8080-exec-5] DEBUG org.hibernate.SQL - select l1_0.tour_id,l1_0.id,l1_0.comment,l1_0.created_at,l1_0.difficulty,l1_0.rating,l1_0.total_distance,l1_0.total_time from log l1_0 where l1_0.tour_id=?
2026-06-29 13:51:30.295 [http-nio-8080-exec-5] TRACE org.hibernate.orm.jdbc.bind - binding parameter (1:BIGINT) <- [5]
2026-06-29 13:52:36.792 [http-nio-8080-exec-6] INFO  org.tour.tourplannerbackend.controller.AuthController - Login request received for username=a
2026-06-29 13:52:36.885 [http-nio-8080-exec-6] DEBUG org.hibernate.SQL - select u1_0.id,u1_0.email,u1_0.password,u1_0.username from users u1_0 where u1_0.username=?
2026-06-29 13:52:36.899 [http-nio-8080-exec-6] TRACE org.hibernate.orm.jdbc.bind - binding parameter (1:VARCHAR) <- [a]
2026-06-29 13:52:36.941 [http-nio-8080-exec-6] INFO  org.tour.tourplannerbackend.controller.AuthController - Login successful. userId=1, username=a
2026-06-29 13:52:37.026 [http-nio-8080-exec-7] DEBUG org.hibernate.SQL - select u1_0.id from users u1_0 where u1_0.username=? fetch first ? rows only
2026-06-29 13:52:37.040 [http-nio-8080-exec-7] TRACE org.hibernate.orm.jdbc.bind - binding parameter (1:VARCHAR) <- [a]
2026-06-29 13:52:37.044 [http-nio-8080-exec-7] TRACE org.hibernate.orm.jdbc.bind - binding parameter (2:INTEGER) <- [1]
2026-06-29 13:52:37.200 [http-nio-8080-exec-7] INFO  org.tour.tourplannerbackend.controller.UserController - Request received to fetch tours for userId=1
2026-06-29 13:52:37.206 [http-nio-8080-exec-7] DEBUG org.hibernate.SQL - select t1_0.id,t1_0.child_friendly,t1_0.description,t1_0.estimated_time,t1_0.name,t1_0.popularity,t1_0.tour_type,t1_0.user_id from tours t1_0 where t1_0.user_id=?
2026-06-29 13:52:37.209 [http-nio-8080-exec-7] TRACE org.hibernate.orm.jdbc.bind - binding parameter (1:BIGINT) <- [1]
2026-06-29 13:52:37.236 [http-nio-8080-exec-7] DEBUG org.hibernate.SQL - select u1_0.id,u1_0.email,u1_0.password,u1_0.username from users u1_0 where u1_0.id=?
2026-06-29 13:52:37.238 [http-nio-8080-exec-7] TRACE org.hibernate.orm.jdbc.bind - binding parameter (1:BIGINT) <- [1]
2026-06-29 13:52:37.246 [http-nio-8080-exec-7] INFO  org.tour.tourplannerbackend.controller.UserController - Fetched 5 tours for userId=1
2026-06-29 13:52:37.262 [http-nio-8080-exec-7] DEBUG org.hibernate.SQL - select r1_0.tour_id,r1_0.id,r1_0.distance,r1_0.duration,r1_0.from_location,fc1_0.id,fc1_0.lat,fc1_0.lng,r1_0.to_location,tc1_0.id,tc1_0.lat,tc1_0.lng,r1_0.transport_mode from tour_route r1_0 left join coordinates fc1_0 on fc1_0.id=r1_0.from_coordinates_id left join coordinates tc1_0 on tc1_0.id=r1_0.to_coordinates_id where r1_0.tour_id=?
2026-06-29 13:52:37.264 [http-nio-8080-exec-7] TRACE org.hibernate.orm.jdbc.bind - binding parameter (1:BIGINT) <- [3]
2026-06-29 13:52:37.288 [http-nio-8080-exec-7] DEBUG org.hibernate.SQL - select rc1_0.tour_route_id,rc1_0.id,rc1_0.lat,rc1_0.lng from coordinates rc1_0 where rc1_0.tour_route_id=?
2026-06-29 13:52:37.289 [http-nio-8080-exec-7] TRACE org.hibernate.orm.jdbc.bind - binding parameter (1:BIGINT) <- [3]
2026-06-29 13:52:37.320 [http-nio-8080-exec-7] DEBUG org.hibernate.SQL - select l1_0.tour_id,l1_0.id,l1_0.comment,l1_0.created_at,l1_0.difficulty,l1_0.rating,l1_0.total_distance,l1_0.total_time from log l1_0 where l1_0.tour_id=?
2026-06-29 13:52:37.322 [http-nio-8080-exec-7] TRACE org.hibernate.orm.jdbc.bind - binding parameter (1:BIGINT) <- [3]
2026-06-29 13:52:37.325 [http-nio-8080-exec-7] DEBUG org.hibernate.SQL - select r1_0.tour_id,r1_0.id,r1_0.distance,r1_0.duration,r1_0.from_location,fc1_0.id,fc1_0.lat,fc1_0.lng,r1_0.to_location,tc1_0.id,tc1_0.lat,tc1_0.lng,r1_0.transport_mode from tour_route r1_0 left join coordinates fc1_0 on fc1_0.id=r1_0.from_coordinates_id left join coordinates tc1_0 on tc1_0.id=r1_0.to_coordinates_id where r1_0.tour_id=?
2026-06-29 13:52:37.326 [http-nio-8080-exec-7] TRACE org.hibernate.orm.jdbc.bind - binding parameter (1:BIGINT) <- [2]
2026-06-29 13:52:37.328 [http-nio-8080-exec-7] DEBUG org.hibernate.SQL - select rc1_0.tour_route_id,rc1_0.id,rc1_0.lat,rc1_0.lng from coordinates rc1_0 where rc1_0.tour_route_id=?
2026-06-29 13:52:37.329 [http-nio-8080-exec-7] TRACE org.hibernate.orm.jdbc.bind - binding parameter (1:BIGINT) <- [2]
2026-06-29 13:52:37.332 [http-nio-8080-exec-7] DEBUG org.hibernate.SQL - select l1_0.tour_id,l1_0.id,l1_0.comment,l1_0.created_at,l1_0.difficulty,l1_0.rating,l1_0.total_distance,l1_0.total_time from log l1_0 where l1_0.tour_id=?
2026-06-29 13:52:37.333 [http-nio-8080-exec-7] TRACE org.hibernate.orm.jdbc.bind - binding parameter (1:BIGINT) <- [2]
2026-06-29 13:52:37.341 [http-nio-8080-exec-7] DEBUG org.hibernate.SQL - select r1_0.tour_id,r1_0.id,r1_0.distance,r1_0.duration,r1_0.from_location,fc1_0.id,fc1_0.lat,fc1_0.lng,r1_0.to_location,tc1_0.id,tc1_0.lat,tc1_0.lng,r1_0.transport_mode from tour_route r1_0 left join coordinates fc1_0 on fc1_0.id=r1_0.from_coordinates_id left join coordinates tc1_0 on tc1_0.id=r1_0.to_coordinates_id where r1_0.tour_id=?
2026-06-29 13:52:37.342 [http-nio-8080-exec-7] TRACE org.hibernate.orm.jdbc.bind - binding parameter (1:BIGINT) <- [1]
2026-06-29 13:52:37.345 [http-nio-8080-exec-7] DEBUG org.hibernate.SQL - select rc1_0.tour_route_id,rc1_0.id,rc1_0.lat,rc1_0.lng from coordinates rc1_0 where rc1_0.tour_route_id=?
2026-06-29 13:52:37.346 [http-nio-8080-exec-7] TRACE org.hibernate.orm.jdbc.bind - binding parameter (1:BIGINT) <- [1]
2026-06-29 13:52:37.355 [http-nio-8080-exec-7] DEBUG org.hibernate.SQL - select l1_0.tour_id,l1_0.id,l1_0.comment,l1_0.created_at,l1_0.difficulty,l1_0.rating,l1_0.total_distance,l1_0.total_time from log l1_0 where l1_0.tour_id=?
2026-06-29 13:52:37.356 [http-nio-8080-exec-7] TRACE org.hibernate.orm.jdbc.bind - binding parameter (1:BIGINT) <- [1]
2026-06-29 13:52:37.359 [http-nio-8080-exec-7] DEBUG org.hibernate.SQL - select r1_0.tour_id,r1_0.id,r1_0.distance,r1_0.duration,r1_0.from_location,fc1_0.id,fc1_0.lat,fc1_0.lng,r1_0.to_location,tc1_0.id,tc1_0.lat,tc1_0.lng,r1_0.transport_mode from tour_route r1_0 left join coordinates fc1_0 on fc1_0.id=r1_0.from_coordinates_id left join coordinates tc1_0 on tc1_0.id=r1_0.to_coordinates_id where r1_0.tour_id=?
2026-06-29 13:52:37.360 [http-nio-8080-exec-7] TRACE org.hibernate.orm.jdbc.bind - binding parameter (1:BIGINT) <- [4]
2026-06-29 13:52:37.363 [http-nio-8080-exec-7] DEBUG org.hibernate.SQL - select rc1_0.tour_route_id,rc1_0.id,rc1_0.lat,rc1_0.lng from coordinates rc1_0 where rc1_0.tour_route_id=?
2026-06-29 13:52:37.364 [http-nio-8080-exec-7] TRACE org.hibernate.orm.jdbc.bind - binding parameter (1:BIGINT) <- [5]
2026-06-29 13:52:37.366 [http-nio-8080-exec-7] DEBUG org.hibernate.SQL - select rc1_0.tour_route_id,rc1_0.id,rc1_0.lat,rc1_0.lng from coordinates rc1_0 where rc1_0.tour_route_id=?
2026-06-29 13:52:37.367 [http-nio-8080-exec-7] TRACE org.hibernate.orm.jdbc.bind - binding parameter (1:BIGINT) <- [4]
2026-06-29 13:52:37.372 [http-nio-8080-exec-7] DEBUG org.hibernate.SQL - select l1_0.tour_id,l1_0.id,l1_0.comment,l1_0.created_at,l1_0.difficulty,l1_0.rating,l1_0.total_distance,l1_0.total_time from log l1_0 where l1_0.tour_id=?
2026-06-29 13:52:37.373 [http-nio-8080-exec-7] TRACE org.hibernate.orm.jdbc.bind - binding parameter (1:BIGINT) <- [4]
2026-06-29 13:52:37.375 [http-nio-8080-exec-7] DEBUG org.hibernate.SQL - select r1_0.tour_id,r1_0.id,r1_0.distance,r1_0.duration,r1_0.from_location,fc1_0.id,fc1_0.lat,fc1_0.lng,r1_0.to_location,tc1_0.id,tc1_0.lat,tc1_0.lng,r1_0.transport_mode from tour_route r1_0 left join coordinates fc1_0 on fc1_0.id=r1_0.from_coordinates_id left join coordinates tc1_0 on tc1_0.id=r1_0.to_coordinates_id where r1_0.tour_id=?
2026-06-29 13:52:37.376 [http-nio-8080-exec-7] TRACE org.hibernate.orm.jdbc.bind - binding parameter (1:BIGINT) <- [5]
2026-06-29 13:52:37.379 [http-nio-8080-exec-7] DEBUG org.hibernate.SQL - select rc1_0.tour_route_id,rc1_0.id,rc1_0.lat,rc1_0.lng from coordinates rc1_0 where rc1_0.tour_route_id=?
2026-06-29 13:52:37.380 [http-nio-8080-exec-7] TRACE org.hibernate.orm.jdbc.bind - binding parameter (1:BIGINT) <- [6]
2026-06-29 13:52:37.386 [http-nio-8080-exec-7] DEBUG org.hibernate.SQL - select l1_0.tour_id,l1_0.id,l1_0.comment,l1_0.created_at,l1_0.difficulty,l1_0.rating,l1_0.total_distance,l1_0.total_time from log l1_0 where l1_0.tour_id=?
2026-06-29 13:52:37.387 [http-nio-8080-exec-7] TRACE org.hibernate.orm.jdbc.bind - binding parameter (1:BIGINT) <- [5]
2026-06-29 13:55:45.832 [http-nio-8080-exec-10] INFO  org.tour.tourplannerbackend.controller.AuthController - Login request received for username=a
2026-06-29 13:55:45.959 [http-nio-8080-exec-10] DEBUG org.hibernate.SQL - select u1_0.id,u1_0.email,u1_0.password,u1_0.username from users u1_0 where u1_0.username=?
2026-06-29 13:55:45.989 [http-nio-8080-exec-10] TRACE org.hibernate.orm.jdbc.bind - binding parameter (1:VARCHAR) <- [a]
2026-06-29 13:55:46.068 [http-nio-8080-exec-10] INFO  org.tour.tourplannerbackend.controller.AuthController - Login successful. userId=1, username=a
2026-06-29 13:55:46.189 [http-nio-8080-exec-8] DEBUG org.hibernate.SQL - select u1_0.id from users u1_0 where u1_0.username=? fetch first ? rows only
2026-06-29 13:55:46.194 [http-nio-8080-exec-8] TRACE org.hibernate.orm.jdbc.bind - binding parameter (1:VARCHAR) <- [a]
2026-06-29 13:55:46.198 [http-nio-8080-exec-8] TRACE org.hibernate.orm.jdbc.bind - binding parameter (2:INTEGER) <- [1]
2026-06-29 13:55:46.236 [http-nio-8080-exec-8] INFO  org.tour.tourplannerbackend.controller.UserController - Request received to fetch tours for userId=1
2026-06-29 13:55:46.247 [http-nio-8080-exec-8] DEBUG org.hibernate.SQL - select t1_0.id,t1_0.child_friendly,t1_0.description,t1_0.estimated_time,t1_0.name,t1_0.popularity,t1_0.tour_type,t1_0.user_id from tours t1_0 where t1_0.user_id=?
2026-06-29 13:55:46.252 [http-nio-8080-exec-8] TRACE org.hibernate.orm.jdbc.bind - binding parameter (1:BIGINT) <- [1]
2026-06-29 13:55:46.308 [http-nio-8080-exec-8] DEBUG org.hibernate.SQL - select u1_0.id,u1_0.email,u1_0.password,u1_0.username from users u1_0 where u1_0.id=?
2026-06-29 13:55:46.311 [http-nio-8080-exec-8] TRACE org.hibernate.orm.jdbc.bind - binding parameter (1:BIGINT) <- [1]
2026-06-29 13:55:46.337 [http-nio-8080-exec-8] INFO  org.tour.tourplannerbackend.controller.UserController - Fetched 5 tours for userId=1
2026-06-29 13:55:46.369 [http-nio-8080-exec-8] DEBUG org.hibernate.SQL - select r1_0.tour_id,r1_0.id,r1_0.distance,r1_0.duration,r1_0.from_location,fc1_0.id,fc1_0.lat,fc1_0.lng,r1_0.to_location,tc1_0.id,tc1_0.lat,tc1_0.lng,r1_0.transport_mode from tour_route r1_0 left join coordinates fc1_0 on fc1_0.id=r1_0.from_coordinates_id left join coordinates tc1_0 on tc1_0.id=r1_0.to_coordinates_id where r1_0.tour_id=?
2026-06-29 13:55:46.371 [http-nio-8080-exec-8] TRACE org.hibernate.orm.jdbc.bind - binding parameter (1:BIGINT) <- [3]
2026-06-29 13:55:46.393 [http-nio-8080-exec-8] DEBUG org.hibernate.SQL - select rc1_0.tour_route_id,rc1_0.id,rc1_0.lat,rc1_0.lng from coordinates rc1_0 where rc1_0.tour_route_id=?
2026-06-29 13:55:46.393 [http-nio-8080-exec-8] TRACE org.hibernate.orm.jdbc.bind - binding parameter (1:BIGINT) <- [3]
2026-06-29 13:55:46.424 [http-nio-8080-exec-8] DEBUG org.hibernate.SQL - select l1_0.tour_id,l1_0.id,l1_0.comment,l1_0.created_at,l1_0.difficulty,l1_0.rating,l1_0.total_distance,l1_0.total_time from log l1_0 where l1_0.tour_id=?
2026-06-29 13:55:46.425 [http-nio-8080-exec-8] TRACE org.hibernate.orm.jdbc.bind - binding parameter (1:BIGINT) <- [3]
2026-06-29 13:55:46.429 [http-nio-8080-exec-8] DEBUG org.hibernate.SQL - select r1_0.tour_id,r1_0.id,r1_0.distance,r1_0.duration,r1_0.from_location,fc1_0.id,fc1_0.lat,fc1_0.lng,r1_0.to_location,tc1_0.id,tc1_0.lat,tc1_0.lng,r1_0.transport_mode from tour_route r1_0 left join coordinates fc1_0 on fc1_0.id=r1_0.from_coordinates_id left join coordinates tc1_0 on tc1_0.id=r1_0.to_coordinates_id where r1_0.tour_id=?
2026-06-29 13:55:46.430 [http-nio-8080-exec-8] TRACE org.hibernate.orm.jdbc.bind - binding parameter (1:BIGINT) <- [2]
2026-06-29 13:55:46.432 [http-nio-8080-exec-8] DEBUG org.hibernate.SQL - select rc1_0.tour_route_id,rc1_0.id,rc1_0.lat,rc1_0.lng from coordinates rc1_0 where rc1_0.tour_route_id=?
2026-06-29 13:55:46.434 [http-nio-8080-exec-8] TRACE org.hibernate.orm.jdbc.bind - binding parameter (1:BIGINT) <- [2]
2026-06-29 13:55:46.437 [http-nio-8080-exec-8] DEBUG org.hibernate.SQL - select l1_0.tour_id,l1_0.id,l1_0.comment,l1_0.created_at,l1_0.difficulty,l1_0.rating,l1_0.total_distance,l1_0.total_time from log l1_0 where l1_0.tour_id=?
2026-06-29 13:55:46.438 [http-nio-8080-exec-8] TRACE org.hibernate.orm.jdbc.bind - binding parameter (1:BIGINT) <- [2]
2026-06-29 13:55:46.451 [http-nio-8080-exec-8] DEBUG org.hibernate.SQL - select r1_0.tour_id,r1_0.id,r1_0.distance,r1_0.duration,r1_0.from_location,fc1_0.id,fc1_0.lat,fc1_0.lng,r1_0.to_location,tc1_0.id,tc1_0.lat,tc1_0.lng,r1_0.transport_mode from tour_route r1_0 left join coordinates fc1_0 on fc1_0.id=r1_0.from_coordinates_id left join coordinates tc1_0 on tc1_0.id=r1_0.to_coordinates_id where r1_0.tour_id=?
2026-06-29 13:55:46.453 [http-nio-8080-exec-8] TRACE org.hibernate.orm.jdbc.bind - binding parameter (1:BIGINT) <- [1]
2026-06-29 13:55:46.455 [http-nio-8080-exec-8] DEBUG org.hibernate.SQL - select rc1_0.tour_route_id,rc1_0.id,rc1_0.lat,rc1_0.lng from coordinates rc1_0 where rc1_0.tour_route_id=?
2026-06-29 13:55:46.456 [http-nio-8080-exec-8] TRACE org.hibernate.orm.jdbc.bind - binding parameter (1:BIGINT) <- [1]
2026-06-29 13:55:46.462 [http-nio-8080-exec-8] DEBUG org.hibernate.SQL - select l1_0.tour_id,l1_0.id,l1_0.comment,l1_0.created_at,l1_0.difficulty,l1_0.rating,l1_0.total_distance,l1_0.total_time from log l1_0 where l1_0.tour_id=?
2026-06-29 13:55:46.463 [http-nio-8080-exec-8] TRACE org.hibernate.orm.jdbc.bind - binding parameter (1:BIGINT) <- [1]
2026-06-29 13:55:46.466 [http-nio-8080-exec-8] DEBUG org.hibernate.SQL - select r1_0.tour_id,r1_0.id,r1_0.distance,r1_0.duration,r1_0.from_location,fc1_0.id,fc1_0.lat,fc1_0.lng,r1_0.to_location,tc1_0.id,tc1_0.lat,tc1_0.lng,r1_0.transport_mode from tour_route r1_0 left join coordinates fc1_0 on fc1_0.id=r1_0.from_coordinates_id left join coordinates tc1_0 on tc1_0.id=r1_0.to_coordinates_id where r1_0.tour_id=?
2026-06-29 13:55:46.467 [http-nio-8080-exec-8] TRACE org.hibernate.orm.jdbc.bind - binding parameter (1:BIGINT) <- [4]
2026-06-29 13:55:46.471 [http-nio-8080-exec-8] DEBUG org.hibernate.SQL - select rc1_0.tour_route_id,rc1_0.id,rc1_0.lat,rc1_0.lng from coordinates rc1_0 where rc1_0.tour_route_id=?
2026-06-29 13:55:46.472 [http-nio-8080-exec-8] TRACE org.hibernate.orm.jdbc.bind - binding parameter (1:BIGINT) <- [5]
2026-06-29 13:55:46.475 [http-nio-8080-exec-8] DEBUG org.hibernate.SQL - select rc1_0.tour_route_id,rc1_0.id,rc1_0.lat,rc1_0.lng from coordinates rc1_0 where rc1_0.tour_route_id=?
2026-06-29 13:55:46.475 [http-nio-8080-exec-8] TRACE org.hibernate.orm.jdbc.bind - binding parameter (1:BIGINT) <- [4]
2026-06-29 13:55:46.478 [http-nio-8080-exec-8] DEBUG org.hibernate.SQL - select l1_0.tour_id,l1_0.id,l1_0.comment,l1_0.created_at,l1_0.difficulty,l1_0.rating,l1_0.total_distance,l1_0.total_time from log l1_0 where l1_0.tour_id=?
2026-06-29 13:55:46.479 [http-nio-8080-exec-8] TRACE org.hibernate.orm.jdbc.bind - binding parameter (1:BIGINT) <- [4]
2026-06-29 13:55:46.482 [http-nio-8080-exec-8] DEBUG org.hibernate.SQL - select r1_0.tour_id,r1_0.id,r1_0.distance,r1_0.duration,r1_0.from_location,fc1_0.id,fc1_0.lat,fc1_0.lng,r1_0.to_location,tc1_0.id,tc1_0.lat,tc1_0.lng,r1_0.transport_mode from tour_route r1_0 left join coordinates fc1_0 on fc1_0.id=r1_0.from_coordinates_id left join coordinates tc1_0 on tc1_0.id=r1_0.to_coordinates_id where r1_0.tour_id=?
2026-06-29 13:55:46.483 [http-nio-8080-exec-8] TRACE org.hibernate.orm.jdbc.bind - binding parameter (1:BIGINT) <- [5]
2026-06-29 13:55:46.485 [http-nio-8080-exec-8] DEBUG org.hibernate.SQL - select rc1_0.tour_route_id,rc1_0.id,rc1_0.lat,rc1_0.lng from coordinates rc1_0 where rc1_0.tour_route_id=?
2026-06-29 13:55:46.486 [http-nio-8080-exec-8] TRACE org.hibernate.orm.jdbc.bind - binding parameter (1:BIGINT) <- [6]
2026-06-29 13:55:46.503 [http-nio-8080-exec-8] DEBUG org.hibernate.SQL - select l1_0.tour_id,l1_0.id,l1_0.comment,l1_0.created_at,l1_0.difficulty,l1_0.rating,l1_0.total_distance,l1_0.total_time from log l1_0 where l1_0.tour_id=?
2026-06-29 13:55:46.505 [http-nio-8080-exec-8] TRACE org.hibernate.orm.jdbc.bind - binding parameter (1:BIGINT) <- [5]
2026-06-29 13:56:17.571 [http-nio-8080-exec-3] INFO  org.tour.tourplannerbackend.controller.AuthController - Login request received for username=a
2026-06-29 13:56:17.598 [http-nio-8080-exec-3] DEBUG org.hibernate.SQL - select u1_0.id,u1_0.email,u1_0.password,u1_0.username from users u1_0 where u1_0.username=?
2026-06-29 13:56:17.607 [http-nio-8080-exec-3] TRACE org.hibernate.orm.jdbc.bind - binding parameter (1:VARCHAR) <- [a]
2026-06-29 13:56:17.629 [http-nio-8080-exec-3] INFO  org.tour.tourplannerbackend.controller.AuthController - Login successful. userId=1, username=a
2026-06-29 13:56:17.675 [http-nio-8080-exec-2] DEBUG org.hibernate.SQL - select u1_0.id from users u1_0 where u1_0.username=? fetch first ? rows only
2026-06-29 13:56:17.678 [http-nio-8080-exec-2] TRACE org.hibernate.orm.jdbc.bind - binding parameter (1:VARCHAR) <- [a]
2026-06-29 13:56:17.679 [http-nio-8080-exec-2] TRACE org.hibernate.orm.jdbc.bind - binding parameter (2:INTEGER) <- [1]
2026-06-29 13:56:17.687 [http-nio-8080-exec-2] INFO  org.tour.tourplannerbackend.controller.UserController - Request received to fetch tours for userId=1
2026-06-29 13:56:17.691 [http-nio-8080-exec-2] DEBUG org.hibernate.SQL - select t1_0.id,t1_0.child_friendly,t1_0.description,t1_0.estimated_time,t1_0.name,t1_0.popularity,t1_0.tour_type,t1_0.user_id from tours t1_0 where t1_0.user_id=?
2026-06-29 13:56:17.692 [http-nio-8080-exec-2] TRACE org.hibernate.orm.jdbc.bind - binding parameter (1:BIGINT) <- [1]
2026-06-29 13:56:17.698 [http-nio-8080-exec-2] DEBUG org.hibernate.SQL - select u1_0.id,u1_0.email,u1_0.password,u1_0.username from users u1_0 where u1_0.id=?
2026-06-29 13:56:17.699 [http-nio-8080-exec-2] TRACE org.hibernate.orm.jdbc.bind - binding parameter (1:BIGINT) <- [1]
2026-06-29 13:56:17.704 [http-nio-8080-exec-2] INFO  org.tour.tourplannerbackend.controller.UserController - Fetched 5 tours for userId=1
2026-06-29 13:56:17.708 [http-nio-8080-exec-2] DEBUG org.hibernate.SQL - select r1_0.tour_id,r1_0.id,r1_0.distance,r1_0.duration,r1_0.from_location,fc1_0.id,fc1_0.lat,fc1_0.lng,r1_0.to_location,tc1_0.id,tc1_0.lat,tc1_0.lng,r1_0.transport_mode from tour_route r1_0 left join coordinates fc1_0 on fc1_0.id=r1_0.from_coordinates_id left join coordinates tc1_0 on tc1_0.id=r1_0.to_coordinates_id where r1_0.tour_id=?
2026-06-29 13:56:17.710 [http-nio-8080-exec-2] TRACE org.hibernate.orm.jdbc.bind - binding parameter (1:BIGINT) <- [3]
2026-06-29 13:56:17.723 [http-nio-8080-exec-2] DEBUG org.hibernate.SQL - select rc1_0.tour_route_id,rc1_0.id,rc1_0.lat,rc1_0.lng from coordinates rc1_0 where rc1_0.tour_route_id=?
2026-06-29 13:56:17.725 [http-nio-8080-exec-2] TRACE org.hibernate.orm.jdbc.bind - binding parameter (1:BIGINT) <- [3]
2026-06-29 13:56:17.778 [http-nio-8080-exec-2] DEBUG org.hibernate.SQL - select l1_0.tour_id,l1_0.id,l1_0.comment,l1_0.created_at,l1_0.difficulty,l1_0.rating,l1_0.total_distance,l1_0.total_time from log l1_0 where l1_0.tour_id=?
2026-06-29 13:56:17.780 [http-nio-8080-exec-2] TRACE org.hibernate.orm.jdbc.bind - binding parameter (1:BIGINT) <- [3]
2026-06-29 13:56:17.783 [http-nio-8080-exec-2] DEBUG org.hibernate.SQL - select r1_0.tour_id,r1_0.id,r1_0.distance,r1_0.duration,r1_0.from_location,fc1_0.id,fc1_0.lat,fc1_0.lng,r1_0.to_location,tc1_0.id,tc1_0.lat,tc1_0.lng,r1_0.transport_mode from tour_route r1_0 left join coordinates fc1_0 on fc1_0.id=r1_0.from_coordinates_id left join coordinates tc1_0 on tc1_0.id=r1_0.to_coordinates_id where r1_0.tour_id=?
2026-06-29 13:56:17.784 [http-nio-8080-exec-2] TRACE org.hibernate.orm.jdbc.bind - binding parameter (1:BIGINT) <- [2]
2026-06-29 13:56:17.787 [http-nio-8080-exec-2] DEBUG org.hibernate.SQL - select rc1_0.tour_route_id,rc1_0.id,rc1_0.lat,rc1_0.lng from coordinates rc1_0 where rc1_0.tour_route_id=?
2026-06-29 13:56:17.788 [http-nio-8080-exec-2] TRACE org.hibernate.orm.jdbc.bind - binding parameter (1:BIGINT) <- [2]
2026-06-29 13:56:17.792 [http-nio-8080-exec-2] DEBUG org.hibernate.SQL - select l1_0.tour_id,l1_0.id,l1_0.comment,l1_0.created_at,l1_0.difficulty,l1_0.rating,l1_0.total_distance,l1_0.total_time from log l1_0 where l1_0.tour_id=?
2026-06-29 13:56:17.793 [http-nio-8080-exec-2] TRACE org.hibernate.orm.jdbc.bind - binding parameter (1:BIGINT) <- [2]
2026-06-29 13:56:17.797 [http-nio-8080-exec-2] DEBUG org.hibernate.SQL - select r1_0.tour_id,r1_0.id,r1_0.distance,r1_0.duration,r1_0.from_location,fc1_0.id,fc1_0.lat,fc1_0.lng,r1_0.to_location,tc1_0.id,tc1_0.lat,tc1_0.lng,r1_0.transport_mode from tour_route r1_0 left join coordinates fc1_0 on fc1_0.id=r1_0.from_coordinates_id left join coordinates tc1_0 on tc1_0.id=r1_0.to_coordinates_id where r1_0.tour_id=?
2026-06-29 13:56:17.798 [http-nio-8080-exec-2] TRACE org.hibernate.orm.jdbc.bind - binding parameter (1:BIGINT) <- [1]
2026-06-29 13:56:17.800 [http-nio-8080-exec-2] DEBUG org.hibernate.SQL - select rc1_0.tour_route_id,rc1_0.id,rc1_0.lat,rc1_0.lng from coordinates rc1_0 where rc1_0.tour_route_id=?
2026-06-29 13:56:17.801 [http-nio-8080-exec-2] TRACE org.hibernate.orm.jdbc.bind - binding parameter (1:BIGINT) <- [1]
2026-06-29 13:56:17.810 [http-nio-8080-exec-2] DEBUG org.hibernate.SQL - select l1_0.tour_id,l1_0.id,l1_0.comment,l1_0.created_at,l1_0.difficulty,l1_0.rating,l1_0.total_distance,l1_0.total_time from log l1_0 where l1_0.tour_id=?
2026-06-29 13:56:17.811 [http-nio-8080-exec-2] TRACE org.hibernate.orm.jdbc.bind - binding parameter (1:BIGINT) <- [1]
2026-06-29 13:56:17.814 [http-nio-8080-exec-2] DEBUG org.hibernate.SQL - select r1_0.tour_id,r1_0.id,r1_0.distance,r1_0.duration,r1_0.from_location,fc1_0.id,fc1_0.lat,fc1_0.lng,r1_0.to_location,tc1_0.id,tc1_0.lat,tc1_0.lng,r1_0.transport_mode from tour_route r1_0 left join coordinates fc1_0 on fc1_0.id=r1_0.from_coordinates_id left join coordinates tc1_0 on tc1_0.id=r1_0.to_coordinates_id where r1_0.tour_id=?
2026-06-29 13:56:17.815 [http-nio-8080-exec-2] TRACE org.hibernate.orm.jdbc.bind - binding parameter (1:BIGINT) <- [4]
2026-06-29 13:56:17.818 [http-nio-8080-exec-2] DEBUG org.hibernate.SQL - select rc1_0.tour_route_id,rc1_0.id,rc1_0.lat,rc1_0.lng from coordinates rc1_0 where rc1_0.tour_route_id=?
2026-06-29 13:56:17.819 [http-nio-8080-exec-2] TRACE org.hibernate.orm.jdbc.bind - binding parameter (1:BIGINT) <- [5]
2026-06-29 13:56:17.821 [http-nio-8080-exec-2] DEBUG org.hibernate.SQL - select rc1_0.tour_route_id,rc1_0.id,rc1_0.lat,rc1_0.lng from coordinates rc1_0 where rc1_0.tour_route_id=?
2026-06-29 13:56:17.822 [http-nio-8080-exec-2] TRACE org.hibernate.orm.jdbc.bind - binding parameter (1:BIGINT) <- [4]
2026-06-29 13:56:17.825 [http-nio-8080-exec-2] DEBUG org.hibernate.SQL - select l1_0.tour_id,l1_0.id,l1_0.comment,l1_0.created_at,l1_0.difficulty,l1_0.rating,l1_0.total_distance,l1_0.total_time from log l1_0 where l1_0.tour_id=?
2026-06-29 13:56:17.826 [http-nio-8080-exec-2] TRACE org.hibernate.orm.jdbc.bind - binding parameter (1:BIGINT) <- [4]
2026-06-29 13:56:17.829 [http-nio-8080-exec-2] DEBUG org.hibernate.SQL - select r1_0.tour_id,r1_0.id,r1_0.distance,r1_0.duration,r1_0.from_location,fc1_0.id,fc1_0.lat,fc1_0.lng,r1_0.to_location,tc1_0.id,tc1_0.lat,tc1_0.lng,r1_0.transport_mode from tour_route r1_0 left join coordinates fc1_0 on fc1_0.id=r1_0.from_coordinates_id left join coordinates tc1_0 on tc1_0.id=r1_0.to_coordinates_id where r1_0.tour_id=?
2026-06-29 13:56:17.830 [http-nio-8080-exec-2] TRACE org.hibernate.orm.jdbc.bind - binding parameter (1:BIGINT) <- [5]
2026-06-29 13:56:17.832 [http-nio-8080-exec-2] DEBUG org.hibernate.SQL - select rc1_0.tour_route_id,rc1_0.id,rc1_0.lat,rc1_0.lng from coordinates rc1_0 where rc1_0.tour_route_id=?
2026-06-29 13:56:17.833 [http-nio-8080-exec-2] TRACE org.hibernate.orm.jdbc.bind - binding parameter (1:BIGINT) <- [6]
2026-06-29 13:56:17.840 [http-nio-8080-exec-2] DEBUG org.hibernate.SQL - select l1_0.tour_id,l1_0.id,l1_0.comment,l1_0.created_at,l1_0.difficulty,l1_0.rating,l1_0.total_distance,l1_0.total_time from log l1_0 where l1_0.tour_id=?
2026-06-29 13:56:17.841 [http-nio-8080-exec-2] TRACE org.hibernate.orm.jdbc.bind - binding parameter (1:BIGINT) <- [5]
2026-06-29 14:01:13.396 [http-nio-8080-exec-5] INFO  org.tour.tourplannerbackend.controller.AuthController - Login request received for username=a
2026-06-29 14:01:13.708 [http-nio-8080-exec-5] DEBUG org.hibernate.SQL - select u1_0.id,u1_0.email,u1_0.password,u1_0.username from users u1_0 where u1_0.username=?
2026-06-29 14:01:13.744 [http-nio-8080-exec-5] TRACE org.hibernate.orm.jdbc.bind - binding parameter (1:VARCHAR) <- [a]
2026-06-29 14:01:13.983 [http-nio-8080-exec-5] INFO  org.tour.tourplannerbackend.controller.AuthController - Login successful. userId=1, username=a
2026-06-29 14:01:14.218 [http-nio-8080-exec-1] DEBUG org.hibernate.SQL - select u1_0.id from users u1_0 where u1_0.username=? fetch first ? rows only
2026-06-29 14:01:14.220 [http-nio-8080-exec-1] TRACE org.hibernate.orm.jdbc.bind - binding parameter (1:VARCHAR) <- [a]
2026-06-29 14:01:14.226 [http-nio-8080-exec-1] TRACE org.hibernate.orm.jdbc.bind - binding parameter (2:INTEGER) <- [1]
2026-06-29 14:01:14.251 [http-nio-8080-exec-1] INFO  org.tour.tourplannerbackend.controller.UserController - Request received to fetch tours for userId=1
2026-06-29 14:01:14.264 [http-nio-8080-exec-1] DEBUG org.hibernate.SQL - select t1_0.id,t1_0.child_friendly,t1_0.description,t1_0.estimated_time,t1_0.name,t1_0.popularity,t1_0.tour_type,t1_0.user_id from tours t1_0 where t1_0.user_id=?
2026-06-29 14:01:14.266 [http-nio-8080-exec-1] TRACE org.hibernate.orm.jdbc.bind - binding parameter (1:BIGINT) <- [1]
2026-06-29 14:01:14.338 [http-nio-8080-exec-1] DEBUG org.hibernate.SQL - select u1_0.id,u1_0.email,u1_0.password,u1_0.username from users u1_0 where u1_0.id=?
2026-06-29 14:01:14.340 [http-nio-8080-exec-1] TRACE org.hibernate.orm.jdbc.bind - binding parameter (1:BIGINT) <- [1]
2026-06-29 14:01:14.354 [http-nio-8080-exec-1] INFO  org.tour.tourplannerbackend.controller.UserController - Fetched 5 tours for userId=1
2026-06-29 14:01:14.391 [http-nio-8080-exec-1] DEBUG org.hibernate.SQL - select r1_0.tour_id,r1_0.id,r1_0.distance,r1_0.duration,r1_0.from_location,fc1_0.id,fc1_0.lat,fc1_0.lng,r1_0.to_location,tc1_0.id,tc1_0.lat,tc1_0.lng,r1_0.transport_mode from tour_route r1_0 left join coordinates fc1_0 on fc1_0.id=r1_0.from_coordinates_id left join coordinates tc1_0 on tc1_0.id=r1_0.to_coordinates_id where r1_0.tour_id=?
2026-06-29 14:01:14.392 [http-nio-8080-exec-1] TRACE org.hibernate.orm.jdbc.bind - binding parameter (1:BIGINT) <- [3]
2026-06-29 14:01:14.432 [http-nio-8080-exec-1] DEBUG org.hibernate.SQL - select rc1_0.tour_route_id,rc1_0.id,rc1_0.lat,rc1_0.lng from coordinates rc1_0 where rc1_0.tour_route_id=?
2026-06-29 14:01:14.433 [http-nio-8080-exec-1] TRACE org.hibernate.orm.jdbc.bind - binding parameter (1:BIGINT) <- [3]
2026-06-29 14:01:14.478 [http-nio-8080-exec-1] DEBUG org.hibernate.SQL - select l1_0.tour_id,l1_0.id,l1_0.comment,l1_0.created_at,l1_0.difficulty,l1_0.rating,l1_0.total_distance,l1_0.total_time from log l1_0 where l1_0.tour_id=?
2026-06-29 14:01:14.479 [http-nio-8080-exec-1] TRACE org.hibernate.orm.jdbc.bind - binding parameter (1:BIGINT) <- [3]
2026-06-29 14:01:14.483 [http-nio-8080-exec-1] DEBUG org.hibernate.SQL - select r1_0.tour_id,r1_0.id,r1_0.distance,r1_0.duration,r1_0.from_location,fc1_0.id,fc1_0.lat,fc1_0.lng,r1_0.to_location,tc1_0.id,tc1_0.lat,tc1_0.lng,r1_0.transport_mode from tour_route r1_0 left join coordinates fc1_0 on fc1_0.id=r1_0.from_coordinates_id left join coordinates tc1_0 on tc1_0.id=r1_0.to_coordinates_id where r1_0.tour_id=?
2026-06-29 14:01:14.484 [http-nio-8080-exec-1] TRACE org.hibernate.orm.jdbc.bind - binding parameter (1:BIGINT) <- [2]
2026-06-29 14:01:14.488 [http-nio-8080-exec-1] DEBUG org.hibernate.SQL - select rc1_0.tour_route_id,rc1_0.id,rc1_0.lat,rc1_0.lng from coordinates rc1_0 where rc1_0.tour_route_id=?
2026-06-29 14:01:14.489 [http-nio-8080-exec-1] TRACE org.hibernate.orm.jdbc.bind - binding parameter (1:BIGINT) <- [2]
2026-06-29 14:01:14.493 [http-nio-8080-exec-1] DEBUG org.hibernate.SQL - select l1_0.tour_id,l1_0.id,l1_0.comment,l1_0.created_at,l1_0.difficulty,l1_0.rating,l1_0.total_distance,l1_0.total_time from log l1_0 where l1_0.tour_id=?
2026-06-29 14:01:14.495 [http-nio-8080-exec-1] TRACE org.hibernate.orm.jdbc.bind - binding parameter (1:BIGINT) <- [2]
2026-06-29 14:01:14.512 [http-nio-8080-exec-1] DEBUG org.hibernate.SQL - select r1_0.tour_id,r1_0.id,r1_0.distance,r1_0.duration,r1_0.from_location,fc1_0.id,fc1_0.lat,fc1_0.lng,r1_0.to_location,tc1_0.id,tc1_0.lat,tc1_0.lng,r1_0.transport_mode from tour_route r1_0 left join coordinates fc1_0 on fc1_0.id=r1_0.from_coordinates_id left join coordinates tc1_0 on tc1_0.id=r1_0.to_coordinates_id where r1_0.tour_id=?
2026-06-29 14:01:14.513 [http-nio-8080-exec-1] TRACE org.hibernate.orm.jdbc.bind - binding parameter (1:BIGINT) <- [1]
2026-06-29 14:01:14.517 [http-nio-8080-exec-1] DEBUG org.hibernate.SQL - select rc1_0.tour_route_id,rc1_0.id,rc1_0.lat,rc1_0.lng from coordinates rc1_0 where rc1_0.tour_route_id=?
2026-06-29 14:01:14.518 [http-nio-8080-exec-1] TRACE org.hibernate.orm.jdbc.bind - binding parameter (1:BIGINT) <- [1]
2026-06-29 14:01:14.530 [http-nio-8080-exec-1] DEBUG org.hibernate.SQL - select l1_0.tour_id,l1_0.id,l1_0.comment,l1_0.created_at,l1_0.difficulty,l1_0.rating,l1_0.total_distance,l1_0.total_time from log l1_0 where l1_0.tour_id=?
2026-06-29 14:01:14.532 [http-nio-8080-exec-1] TRACE org.hibernate.orm.jdbc.bind - binding parameter (1:BIGINT) <- [1]
2026-06-29 14:01:14.535 [http-nio-8080-exec-1] DEBUG org.hibernate.SQL - select r1_0.tour_id,r1_0.id,r1_0.distance,r1_0.duration,r1_0.from_location,fc1_0.id,fc1_0.lat,fc1_0.lng,r1_0.to_location,tc1_0.id,tc1_0.lat,tc1_0.lng,r1_0.transport_mode from tour_route r1_0 left join coordinates fc1_0 on fc1_0.id=r1_0.from_coordinates_id left join coordinates tc1_0 on tc1_0.id=r1_0.to_coordinates_id where r1_0.tour_id=?
2026-06-29 14:01:14.536 [http-nio-8080-exec-1] TRACE org.hibernate.orm.jdbc.bind - binding parameter (1:BIGINT) <- [4]
2026-06-29 14:01:14.540 [http-nio-8080-exec-1] DEBUG org.hibernate.SQL - select rc1_0.tour_route_id,rc1_0.id,rc1_0.lat,rc1_0.lng from coordinates rc1_0 where rc1_0.tour_route_id=?
2026-06-29 14:01:14.541 [http-nio-8080-exec-1] TRACE org.hibernate.orm.jdbc.bind - binding parameter (1:BIGINT) <- [5]
2026-06-29 14:01:14.546 [http-nio-8080-exec-1] DEBUG org.hibernate.SQL - select rc1_0.tour_route_id,rc1_0.id,rc1_0.lat,rc1_0.lng from coordinates rc1_0 where rc1_0.tour_route_id=?
2026-06-29 14:01:14.547 [http-nio-8080-exec-1] TRACE org.hibernate.orm.jdbc.bind - binding parameter (1:BIGINT) <- [4]
2026-06-29 14:01:14.550 [http-nio-8080-exec-1] DEBUG org.hibernate.SQL - select l1_0.tour_id,l1_0.id,l1_0.comment,l1_0.created_at,l1_0.difficulty,l1_0.rating,l1_0.total_distance,l1_0.total_time from log l1_0 where l1_0.tour_id=?
2026-06-29 14:01:14.551 [http-nio-8080-exec-1] TRACE org.hibernate.orm.jdbc.bind - binding parameter (1:BIGINT) <- [4]
2026-06-29 14:01:14.553 [http-nio-8080-exec-1] DEBUG org.hibernate.SQL - select r1_0.tour_id,r1_0.id,r1_0.distance,r1_0.duration,r1_0.from_location,fc1_0.id,fc1_0.lat,fc1_0.lng,r1_0.to_location,tc1_0.id,tc1_0.lat,tc1_0.lng,r1_0.transport_mode from tour_route r1_0 left join coordinates fc1_0 on fc1_0.id=r1_0.from_coordinates_id left join coordinates tc1_0 on tc1_0.id=r1_0.to_coordinates_id where r1_0.tour_id=?
2026-06-29 14:01:14.554 [http-nio-8080-exec-1] TRACE org.hibernate.orm.jdbc.bind - binding parameter (1:BIGINT) <- [5]
2026-06-29 14:01:14.557 [http-nio-8080-exec-1] DEBUG org.hibernate.SQL - select rc1_0.tour_route_id,rc1_0.id,rc1_0.lat,rc1_0.lng from coordinates rc1_0 where rc1_0.tour_route_id=?
2026-06-29 14:01:14.558 [http-nio-8080-exec-1] TRACE org.hibernate.orm.jdbc.bind - binding parameter (1:BIGINT) <- [6]
2026-06-29 14:01:14.565 [http-nio-8080-exec-1] DEBUG org.hibernate.SQL - select l1_0.tour_id,l1_0.id,l1_0.comment,l1_0.created_at,l1_0.difficulty,l1_0.rating,l1_0.total_distance,l1_0.total_time from log l1_0 where l1_0.tour_id=?
2026-06-29 14:01:14.566 [http-nio-8080-exec-1] TRACE org.hibernate.orm.jdbc.bind - binding parameter (1:BIGINT) <- [5]
2026-06-29 14:02:29.298 [http-nio-8080-exec-7] INFO  org.tour.tourplannerbackend.controller.AuthController - Login request received for username=a
2026-06-29 14:02:29.394 [http-nio-8080-exec-7] DEBUG org.hibernate.SQL - select u1_0.id,u1_0.email,u1_0.password,u1_0.username from users u1_0 where u1_0.username=?
2026-06-29 14:02:29.412 [http-nio-8080-exec-7] TRACE org.hibernate.orm.jdbc.bind - binding parameter (1:VARCHAR) <- [a]
2026-06-29 14:02:29.517 [http-nio-8080-exec-7] INFO  org.tour.tourplannerbackend.controller.AuthController - Login successful. userId=1, username=a
2026-06-29 14:02:29.691 [http-nio-8080-exec-9] DEBUG org.hibernate.SQL - select u1_0.id from users u1_0 where u1_0.username=? fetch first ? rows only
2026-06-29 14:02:29.759 [http-nio-8080-exec-9] TRACE org.hibernate.orm.jdbc.bind - binding parameter (1:VARCHAR) <- [a]
2026-06-29 14:02:29.766 [http-nio-8080-exec-9] TRACE org.hibernate.orm.jdbc.bind - binding parameter (2:INTEGER) <- [1]
2026-06-29 14:02:29.791 [http-nio-8080-exec-9] INFO  org.tour.tourplannerbackend.controller.UserController - Request received to fetch tours for userId=1
2026-06-29 14:02:29.801 [http-nio-8080-exec-9] DEBUG org.hibernate.SQL - select t1_0.id,t1_0.child_friendly,t1_0.description,t1_0.estimated_time,t1_0.name,t1_0.popularity,t1_0.tour_type,t1_0.user_id from tours t1_0 where t1_0.user_id=?
2026-06-29 14:02:29.804 [http-nio-8080-exec-9] TRACE org.hibernate.orm.jdbc.bind - binding parameter (1:BIGINT) <- [1]
2026-06-29 14:02:29.843 [http-nio-8080-exec-9] DEBUG org.hibernate.SQL - select u1_0.id,u1_0.email,u1_0.password,u1_0.username from users u1_0 where u1_0.id=?
2026-06-29 14:02:29.846 [http-nio-8080-exec-9] TRACE org.hibernate.orm.jdbc.bind - binding parameter (1:BIGINT) <- [1]
2026-06-29 14:02:29.863 [http-nio-8080-exec-9] INFO  org.tour.tourplannerbackend.controller.UserController - Fetched 5 tours for userId=1
2026-06-29 14:02:29.885 [http-nio-8080-exec-9] DEBUG org.hibernate.SQL - select r1_0.tour_id,r1_0.id,r1_0.distance,r1_0.duration,r1_0.from_location,fc1_0.id,fc1_0.lat,fc1_0.lng,r1_0.to_location,tc1_0.id,tc1_0.lat,tc1_0.lng,r1_0.transport_mode from tour_route r1_0 left join coordinates fc1_0 on fc1_0.id=r1_0.from_coordinates_id left join coordinates tc1_0 on tc1_0.id=r1_0.to_coordinates_id where r1_0.tour_id=?
2026-06-29 14:02:29.891 [http-nio-8080-exec-9] TRACE org.hibernate.orm.jdbc.bind - binding parameter (1:BIGINT) <- [3]
2026-06-29 14:02:29.918 [http-nio-8080-exec-9] DEBUG org.hibernate.SQL - select rc1_0.tour_route_id,rc1_0.id,rc1_0.lat,rc1_0.lng from coordinates rc1_0 where rc1_0.tour_route_id=?
2026-06-29 14:02:29.921 [http-nio-8080-exec-9] TRACE org.hibernate.orm.jdbc.bind - binding parameter (1:BIGINT) <- [3]
2026-06-29 14:02:30.000 [http-nio-8080-exec-9] DEBUG org.hibernate.SQL - select l1_0.tour_id,l1_0.id,l1_0.comment,l1_0.created_at,l1_0.difficulty,l1_0.rating,l1_0.total_distance,l1_0.total_time from log l1_0 where l1_0.tour_id=?
2026-06-29 14:02:30.002 [http-nio-8080-exec-9] TRACE org.hibernate.orm.jdbc.bind - binding parameter (1:BIGINT) <- [3]
2026-06-29 14:02:30.006 [http-nio-8080-exec-9] DEBUG org.hibernate.SQL - select r1_0.tour_id,r1_0.id,r1_0.distance,r1_0.duration,r1_0.from_location,fc1_0.id,fc1_0.lat,fc1_0.lng,r1_0.to_location,tc1_0.id,tc1_0.lat,tc1_0.lng,r1_0.transport_mode from tour_route r1_0 left join coordinates fc1_0 on fc1_0.id=r1_0.from_coordinates_id left join coordinates tc1_0 on tc1_0.id=r1_0.to_coordinates_id where r1_0.tour_id=?
2026-06-29 14:02:30.007 [http-nio-8080-exec-9] TRACE org.hibernate.orm.jdbc.bind - binding parameter (1:BIGINT) <- [2]
2026-06-29 14:02:30.011 [http-nio-8080-exec-9] DEBUG org.hibernate.SQL - select rc1_0.tour_route_id,rc1_0.id,rc1_0.lat,rc1_0.lng from coordinates rc1_0 where rc1_0.tour_route_id=?
2026-06-29 14:02:30.013 [http-nio-8080-exec-9] TRACE org.hibernate.orm.jdbc.bind - binding parameter (1:BIGINT) <- [2]
2026-06-29 14:02:30.018 [http-nio-8080-exec-9] DEBUG org.hibernate.SQL - select l1_0.tour_id,l1_0.id,l1_0.comment,l1_0.created_at,l1_0.difficulty,l1_0.rating,l1_0.total_distance,l1_0.total_time from log l1_0 where l1_0.tour_id=?
2026-06-29 14:02:30.019 [http-nio-8080-exec-9] TRACE org.hibernate.orm.jdbc.bind - binding parameter (1:BIGINT) <- [2]
2026-06-29 14:02:30.028 [http-nio-8080-exec-9] DEBUG org.hibernate.SQL - select r1_0.tour_id,r1_0.id,r1_0.distance,r1_0.duration,r1_0.from_location,fc1_0.id,fc1_0.lat,fc1_0.lng,r1_0.to_location,tc1_0.id,tc1_0.lat,tc1_0.lng,r1_0.transport_mode from tour_route r1_0 left join coordinates fc1_0 on fc1_0.id=r1_0.from_coordinates_id left join coordinates tc1_0 on tc1_0.id=r1_0.to_coordinates_id where r1_0.tour_id=?
2026-06-29 14:02:30.029 [http-nio-8080-exec-9] TRACE org.hibernate.orm.jdbc.bind - binding parameter (1:BIGINT) <- [1]
2026-06-29 14:02:30.032 [http-nio-8080-exec-9] DEBUG org.hibernate.SQL - select rc1_0.tour_route_id,rc1_0.id,rc1_0.lat,rc1_0.lng from coordinates rc1_0 where rc1_0.tour_route_id=?
2026-06-29 14:02:30.033 [http-nio-8080-exec-9] TRACE org.hibernate.orm.jdbc.bind - binding parameter (1:BIGINT) <- [1]
2026-06-29 14:02:30.044 [http-nio-8080-exec-9] DEBUG org.hibernate.SQL - select l1_0.tour_id,l1_0.id,l1_0.comment,l1_0.created_at,l1_0.difficulty,l1_0.rating,l1_0.total_distance,l1_0.total_time from log l1_0 where l1_0.tour_id=?
2026-06-29 14:02:30.045 [http-nio-8080-exec-9] TRACE org.hibernate.orm.jdbc.bind - binding parameter (1:BIGINT) <- [1]
2026-06-29 14:02:30.050 [http-nio-8080-exec-9] DEBUG org.hibernate.SQL - select r1_0.tour_id,r1_0.id,r1_0.distance,r1_0.duration,r1_0.from_location,fc1_0.id,fc1_0.lat,fc1_0.lng,r1_0.to_location,tc1_0.id,tc1_0.lat,tc1_0.lng,r1_0.transport_mode from tour_route r1_0 left join coordinates fc1_0 on fc1_0.id=r1_0.from_coordinates_id left join coordinates tc1_0 on tc1_0.id=r1_0.to_coordinates_id where r1_0.tour_id=?
2026-06-29 14:02:30.051 [http-nio-8080-exec-9] TRACE org.hibernate.orm.jdbc.bind - binding parameter (1:BIGINT) <- [4]
2026-06-29 14:02:30.057 [http-nio-8080-exec-9] DEBUG org.hibernate.SQL - select rc1_0.tour_route_id,rc1_0.id,rc1_0.lat,rc1_0.lng from coordinates rc1_0 where rc1_0.tour_route_id=?
2026-06-29 14:02:30.058 [http-nio-8080-exec-9] TRACE org.hibernate.orm.jdbc.bind - binding parameter (1:BIGINT) <- [5]
2026-06-29 14:02:30.061 [http-nio-8080-exec-9] DEBUG org.hibernate.SQL - select rc1_0.tour_route_id,rc1_0.id,rc1_0.lat,rc1_0.lng from coordinates rc1_0 where rc1_0.tour_route_id=?
2026-06-29 14:02:30.062 [http-nio-8080-exec-9] TRACE org.hibernate.orm.jdbc.bind - binding parameter (1:BIGINT) <- [4]
2026-06-29 14:02:30.070 [http-nio-8080-exec-9] DEBUG org.hibernate.SQL - select l1_0.tour_id,l1_0.id,l1_0.comment,l1_0.created_at,l1_0.difficulty,l1_0.rating,l1_0.total_distance,l1_0.total_time from log l1_0 where l1_0.tour_id=?
2026-06-29 14:02:30.071 [http-nio-8080-exec-9] TRACE org.hibernate.orm.jdbc.bind - binding parameter (1:BIGINT) <- [4]
2026-06-29 14:02:30.075 [http-nio-8080-exec-9] DEBUG org.hibernate.SQL - select r1_0.tour_id,r1_0.id,r1_0.distance,r1_0.duration,r1_0.from_location,fc1_0.id,fc1_0.lat,fc1_0.lng,r1_0.to_location,tc1_0.id,tc1_0.lat,tc1_0.lng,r1_0.transport_mode from tour_route r1_0 left join coordinates fc1_0 on fc1_0.id=r1_0.from_coordinates_id left join coordinates tc1_0 on tc1_0.id=r1_0.to_coordinates_id where r1_0.tour_id=?
2026-06-29 14:02:30.077 [http-nio-8080-exec-9] TRACE org.hibernate.orm.jdbc.bind - binding parameter (1:BIGINT) <- [5]
2026-06-29 14:02:30.082 [http-nio-8080-exec-9] DEBUG org.hibernate.SQL - select rc1_0.tour_route_id,rc1_0.id,rc1_0.lat,rc1_0.lng from coordinates rc1_0 where rc1_0.tour_route_id=?
2026-06-29 14:02:30.083 [http-nio-8080-exec-9] TRACE org.hibernate.orm.jdbc.bind - binding parameter (1:BIGINT) <- [6]
2026-06-29 14:02:30.092 [http-nio-8080-exec-9] DEBUG org.hibernate.SQL - select l1_0.tour_id,l1_0.id,l1_0.comment,l1_0.created_at,l1_0.difficulty,l1_0.rating,l1_0.total_distance,l1_0.total_time from log l1_0 where l1_0.tour_id=?
2026-06-29 14:02:30.093 [http-nio-8080-exec-9] TRACE org.hibernate.orm.jdbc.bind - binding parameter (1:BIGINT) <- [5]
2026-06-29 14:05:12.420 [http-nio-8080-exec-8] INFO  org.tour.tourplannerbackend.controller.AuthController - Login request received for username=a
2026-06-29 14:05:12.628 [http-nio-8080-exec-8] DEBUG org.hibernate.SQL - select u1_0.id,u1_0.email,u1_0.password,u1_0.username from users u1_0 where u1_0.username=?
2026-06-29 14:05:12.658 [http-nio-8080-exec-8] TRACE org.hibernate.orm.jdbc.bind - binding parameter (1:VARCHAR) <- [a]
2026-06-29 14:05:12.841 [http-nio-8080-exec-8] INFO  org.tour.tourplannerbackend.controller.AuthController - Login successful. userId=1, username=a
2026-06-29 14:05:13.013 [http-nio-8080-exec-3] DEBUG org.hibernate.SQL - select u1_0.id from users u1_0 where u1_0.username=? fetch first ? rows only
2026-06-29 14:05:13.015 [http-nio-8080-exec-3] TRACE org.hibernate.orm.jdbc.bind - binding parameter (1:VARCHAR) <- [a]
2026-06-29 14:05:13.020 [http-nio-8080-exec-3] TRACE org.hibernate.orm.jdbc.bind - binding parameter (2:INTEGER) <- [1]
2026-06-29 14:05:13.038 [http-nio-8080-exec-3] INFO  org.tour.tourplannerbackend.controller.UserController - Request received to fetch tours for userId=1
2026-06-29 14:05:13.047 [http-nio-8080-exec-3] DEBUG org.hibernate.SQL - select t1_0.id,t1_0.child_friendly,t1_0.description,t1_0.estimated_time,t1_0.name,t1_0.popularity,t1_0.tour_type,t1_0.user_id from tours t1_0 where t1_0.user_id=?
2026-06-29 14:05:13.049 [http-nio-8080-exec-3] TRACE org.hibernate.orm.jdbc.bind - binding parameter (1:BIGINT) <- [1]
2026-06-29 14:05:13.098 [http-nio-8080-exec-3] DEBUG org.hibernate.SQL - select u1_0.id,u1_0.email,u1_0.password,u1_0.username from users u1_0 where u1_0.id=?
2026-06-29 14:05:13.101 [http-nio-8080-exec-3] TRACE org.hibernate.orm.jdbc.bind - binding parameter (1:BIGINT) <- [1]
2026-06-29 14:05:13.117 [http-nio-8080-exec-3] INFO  org.tour.tourplannerbackend.controller.UserController - Fetched 5 tours for userId=1
2026-06-29 14:05:13.144 [http-nio-8080-exec-3] DEBUG org.hibernate.SQL - select r1_0.tour_id,r1_0.id,r1_0.distance,r1_0.duration,r1_0.from_location,fc1_0.id,fc1_0.lat,fc1_0.lng,r1_0.to_location,tc1_0.id,tc1_0.lat,tc1_0.lng,r1_0.transport_mode from tour_route r1_0 left join coordinates fc1_0 on fc1_0.id=r1_0.from_coordinates_id left join coordinates tc1_0 on tc1_0.id=r1_0.to_coordinates_id where r1_0.tour_id=?
2026-06-29 14:05:13.145 [http-nio-8080-exec-3] TRACE org.hibernate.orm.jdbc.bind - binding parameter (1:BIGINT) <- [3]
2026-06-29 14:05:13.167 [http-nio-8080-exec-3] DEBUG org.hibernate.SQL - select rc1_0.tour_route_id,rc1_0.id,rc1_0.lat,rc1_0.lng from coordinates rc1_0 where rc1_0.tour_route_id=?
2026-06-29 14:05:13.169 [http-nio-8080-exec-3] TRACE org.hibernate.orm.jdbc.bind - binding parameter (1:BIGINT) <- [3]
2026-06-29 14:05:13.226 [http-nio-8080-exec-3] DEBUG org.hibernate.SQL - select l1_0.tour_id,l1_0.id,l1_0.comment,l1_0.created_at,l1_0.difficulty,l1_0.rating,l1_0.total_distance,l1_0.total_time from log l1_0 where l1_0.tour_id=?
2026-06-29 14:05:13.228 [http-nio-8080-exec-3] TRACE org.hibernate.orm.jdbc.bind - binding parameter (1:BIGINT) <- [3]
2026-06-29 14:05:13.233 [http-nio-8080-exec-3] DEBUG org.hibernate.SQL - select r1_0.tour_id,r1_0.id,r1_0.distance,r1_0.duration,r1_0.from_location,fc1_0.id,fc1_0.lat,fc1_0.lng,r1_0.to_location,tc1_0.id,tc1_0.lat,tc1_0.lng,r1_0.transport_mode from tour_route r1_0 left join coordinates fc1_0 on fc1_0.id=r1_0.from_coordinates_id left join coordinates tc1_0 on tc1_0.id=r1_0.to_coordinates_id where r1_0.tour_id=?
2026-06-29 14:05:13.235 [http-nio-8080-exec-3] TRACE org.hibernate.orm.jdbc.bind - binding parameter (1:BIGINT) <- [2]
2026-06-29 14:05:13.261 [http-nio-8080-exec-3] DEBUG org.hibernate.SQL - select rc1_0.tour_route_id,rc1_0.id,rc1_0.lat,rc1_0.lng from coordinates rc1_0 where rc1_0.tour_route_id=?
2026-06-29 14:05:13.263 [http-nio-8080-exec-3] TRACE org.hibernate.orm.jdbc.bind - binding parameter (1:BIGINT) <- [2]
2026-06-29 14:05:13.280 [http-nio-8080-exec-3] DEBUG org.hibernate.SQL - select l1_0.tour_id,l1_0.id,l1_0.comment,l1_0.created_at,l1_0.difficulty,l1_0.rating,l1_0.total_distance,l1_0.total_time from log l1_0 where l1_0.tour_id=?
2026-06-29 14:05:13.282 [http-nio-8080-exec-3] TRACE org.hibernate.orm.jdbc.bind - binding parameter (1:BIGINT) <- [2]
2026-06-29 14:05:13.319 [http-nio-8080-exec-3] DEBUG org.hibernate.SQL - select r1_0.tour_id,r1_0.id,r1_0.distance,r1_0.duration,r1_0.from_location,fc1_0.id,fc1_0.lat,fc1_0.lng,r1_0.to_location,tc1_0.id,tc1_0.lat,tc1_0.lng,r1_0.transport_mode from tour_route r1_0 left join coordinates fc1_0 on fc1_0.id=r1_0.from_coordinates_id left join coordinates tc1_0 on tc1_0.id=r1_0.to_coordinates_id where r1_0.tour_id=?
2026-06-29 14:05:13.321 [http-nio-8080-exec-3] TRACE org.hibernate.orm.jdbc.bind - binding parameter (1:BIGINT) <- [1]
2026-06-29 14:05:13.326 [http-nio-8080-exec-3] DEBUG org.hibernate.SQL - select rc1_0.tour_route_id,rc1_0.id,rc1_0.lat,rc1_0.lng from coordinates rc1_0 where rc1_0.tour_route_id=?
2026-06-29 14:05:13.328 [http-nio-8080-exec-3] TRACE org.hibernate.orm.jdbc.bind - binding parameter (1:BIGINT) <- [1]
2026-06-29 14:05:13.352 [http-nio-8080-exec-3] DEBUG org.hibernate.SQL - select l1_0.tour_id,l1_0.id,l1_0.comment,l1_0.created_at,l1_0.difficulty,l1_0.rating,l1_0.total_distance,l1_0.total_time from log l1_0 where l1_0.tour_id=?
2026-06-29 14:05:13.354 [http-nio-8080-exec-3] TRACE org.hibernate.orm.jdbc.bind - binding parameter (1:BIGINT) <- [1]
2026-06-29 14:05:13.359 [http-nio-8080-exec-3] DEBUG org.hibernate.SQL - select r1_0.tour_id,r1_0.id,r1_0.distance,r1_0.duration,r1_0.from_location,fc1_0.id,fc1_0.lat,fc1_0.lng,r1_0.to_location,tc1_0.id,tc1_0.lat,tc1_0.lng,r1_0.transport_mode from tour_route r1_0 left join coordinates fc1_0 on fc1_0.id=r1_0.from_coordinates_id left join coordinates tc1_0 on tc1_0.id=r1_0.to_coordinates_id where r1_0.tour_id=?
2026-06-29 14:05:13.361 [http-nio-8080-exec-3] TRACE org.hibernate.orm.jdbc.bind - binding parameter (1:BIGINT) <- [4]
2026-06-29 14:05:13.366 [http-nio-8080-exec-3] DEBUG org.hibernate.SQL - select rc1_0.tour_route_id,rc1_0.id,rc1_0.lat,rc1_0.lng from coordinates rc1_0 where rc1_0.tour_route_id=?
2026-06-29 14:05:13.368 [http-nio-8080-exec-3] TRACE org.hibernate.orm.jdbc.bind - binding parameter (1:BIGINT) <- [5]
2026-06-29 14:05:13.372 [http-nio-8080-exec-3] DEBUG org.hibernate.SQL - select rc1_0.tour_route_id,rc1_0.id,rc1_0.lat,rc1_0.lng from coordinates rc1_0 where rc1_0.tour_route_id=?
2026-06-29 14:05:13.374 [http-nio-8080-exec-3] TRACE org.hibernate.orm.jdbc.bind - binding parameter (1:BIGINT) <- [4]
2026-06-29 14:05:13.384 [http-nio-8080-exec-3] DEBUG org.hibernate.SQL - select l1_0.tour_id,l1_0.id,l1_0.comment,l1_0.created_at,l1_0.difficulty,l1_0.rating,l1_0.total_distance,l1_0.total_time from log l1_0 where l1_0.tour_id=?
2026-06-29 14:05:13.385 [http-nio-8080-exec-3] TRACE org.hibernate.orm.jdbc.bind - binding parameter (1:BIGINT) <- [4]
2026-06-29 14:05:13.389 [http-nio-8080-exec-3] DEBUG org.hibernate.SQL - select r1_0.tour_id,r1_0.id,r1_0.distance,r1_0.duration,r1_0.from_location,fc1_0.id,fc1_0.lat,fc1_0.lng,r1_0.to_location,tc1_0.id,tc1_0.lat,tc1_0.lng,r1_0.transport_mode from tour_route r1_0 left join coordinates fc1_0 on fc1_0.id=r1_0.from_coordinates_id left join coordinates tc1_0 on tc1_0.id=r1_0.to_coordinates_id where r1_0.tour_id=?
2026-06-29 14:05:13.391 [http-nio-8080-exec-3] TRACE org.hibernate.orm.jdbc.bind - binding parameter (1:BIGINT) <- [5]
2026-06-29 14:05:13.396 [http-nio-8080-exec-3] DEBUG org.hibernate.SQL - select rc1_0.tour_route_id,rc1_0.id,rc1_0.lat,rc1_0.lng from coordinates rc1_0 where rc1_0.tour_route_id=?
2026-06-29 14:05:13.397 [http-nio-8080-exec-3] TRACE org.hibernate.orm.jdbc.bind - binding parameter (1:BIGINT) <- [6]
2026-06-29 14:05:13.410 [http-nio-8080-exec-3] DEBUG org.hibernate.SQL - select l1_0.tour_id,l1_0.id,l1_0.comment,l1_0.created_at,l1_0.difficulty,l1_0.rating,l1_0.total_distance,l1_0.total_time from log l1_0 where l1_0.tour_id=?
2026-06-29 14:05:13.411 [http-nio-8080-exec-3] TRACE org.hibernate.orm.jdbc.bind - binding parameter (1:BIGINT) <- [5]
2026-06-29 14:05:43.974 [http-nio-8080-exec-4] DEBUG org.hibernate.SQL - select u1_0.id from users u1_0 where u1_0.username=? fetch first ? rows only
2026-06-29 14:05:43.978 [http-nio-8080-exec-4] TRACE org.hibernate.orm.jdbc.bind - binding parameter (1:VARCHAR) <- [a]
2026-06-29 14:05:43.980 [http-nio-8080-exec-4] TRACE org.hibernate.orm.jdbc.bind - binding parameter (2:INTEGER) <- [1]
2026-06-29 14:05:46.231 [http-nio-8080-exec-4] INFO  org.tour.tourplannerbackend.controller.TourController - Create tour request received. name=Short Mixed Tour (imported), userId=1
2026-06-29 14:05:47.339 [http-nio-8080-exec-4] DEBUG org.hibernate.SQL - select u1_0.id,u1_0.email,u1_0.password,u1_0.username from users u1_0 where u1_0.id=?
2026-06-29 14:05:47.341 [http-nio-8080-exec-4] TRACE org.hibernate.orm.jdbc.bind - binding parameter (1:BIGINT) <- [1]
2026-06-29 14:05:47.540 [http-nio-8080-exec-5] DEBUG org.hibernate.SQL - select u1_0.id from users u1_0 where u1_0.username=? fetch first ? rows only
2026-06-29 14:05:47.550 [http-nio-8080-exec-5] TRACE org.hibernate.orm.jdbc.bind - binding parameter (1:VARCHAR) <- [a]
2026-06-29 14:05:47.551 [http-nio-8080-exec-5] TRACE org.hibernate.orm.jdbc.bind - binding parameter (2:INTEGER) <- [1]
2026-06-29 14:05:47.603 [http-nio-8080-exec-5] INFO  org.tour.tourplannerbackend.controller.TourController - Create tour request received. name=Short Mixed Tour (imported), userId=1
2026-06-29 14:05:47.605 [http-nio-8080-exec-5] DEBUG org.hibernate.SQL - select u1_0.id,u1_0.email,u1_0.password,u1_0.username from users u1_0 where u1_0.id=?
2026-06-29 14:05:47.606 [http-nio-8080-exec-5] TRACE org.hibernate.orm.jdbc.bind - binding parameter (1:BIGINT) <- [1]
2026-06-29 14:05:52.647 [http-nio-8080-exec-5] DEBUG org.hibernate.SQL - insert into tours (child_friendly,description,estimated_time,name,popularity,tour_type,user_id) values (?,?,?,?,?,?,?)
2026-06-29 14:05:52.647 [http-nio-8080-exec-4] DEBUG org.hibernate.SQL - insert into tours (child_friendly,description,estimated_time,name,popularity,tour_type,user_id) values (?,?,?,?,?,?,?)
2026-06-29 14:05:52.670 [http-nio-8080-exec-5] TRACE org.hibernate.orm.jdbc.bind - binding parameter (1:BOOLEAN) <- [true]
2026-06-29 14:05:52.670 [http-nio-8080-exec-4] TRACE org.hibernate.orm.jdbc.bind - binding parameter (1:BOOLEAN) <- [true]
2026-06-29 14:05:52.674 [http-nio-8080-exec-4] TRACE org.hibernate.orm.jdbc.bind - binding parameter (2:VARCHAR) <- [a very short Mixed Tour]
2026-06-29 14:05:52.674 [http-nio-8080-exec-5] TRACE org.hibernate.orm.jdbc.bind - binding parameter (2:VARCHAR) <- [a very short Mixed Tour]
2026-06-29 14:05:52.675 [http-nio-8080-exec-4] TRACE org.hibernate.orm.jdbc.bind - binding parameter (3:INTEGER) <- [257]
2026-06-29 14:05:52.675 [http-nio-8080-exec-5] TRACE org.hibernate.orm.jdbc.bind - binding parameter (3:INTEGER) <- [257]
2026-06-29 14:05:52.676 [http-nio-8080-exec-4] TRACE org.hibernate.orm.jdbc.bind - binding parameter (4:VARCHAR) <- [Short Mixed Tour (imported)]
2026-06-29 14:05:52.678 [http-nio-8080-exec-4] TRACE org.hibernate.orm.jdbc.bind - binding parameter (5:INTEGER) <- [1]
2026-06-29 14:05:52.677 [http-nio-8080-exec-5] TRACE org.hibernate.orm.jdbc.bind - binding parameter (4:VARCHAR) <- [Short Mixed Tour (imported)]
2026-06-29 14:05:52.679 [http-nio-8080-exec-4] TRACE org.hibernate.orm.jdbc.bind - binding parameter (6:VARCHAR) <- [MIXED]
2026-06-29 14:05:52.679 [http-nio-8080-exec-5] TRACE org.hibernate.orm.jdbc.bind - binding parameter (5:INTEGER) <- [1]
2026-06-29 14:05:52.680 [http-nio-8080-exec-4] TRACE org.hibernate.orm.jdbc.bind - binding parameter (7:BIGINT) <- [1]
2026-06-29 14:05:52.681 [http-nio-8080-exec-5] TRACE org.hibernate.orm.jdbc.bind - binding parameter (6:VARCHAR) <- [MIXED]
2026-06-29 14:05:52.682 [http-nio-8080-exec-5] TRACE org.hibernate.orm.jdbc.bind - binding parameter (7:BIGINT) <- [1]
2026-06-29 14:05:52.886 [http-nio-8080-exec-5] DEBUG org.hibernate.SQL - insert into log (comment,created_at,difficulty,rating,total_distance,total_time,tour_id) values (?,?,?,?,?,?,?)
2026-06-29 14:05:52.886 [http-nio-8080-exec-4] DEBUG org.hibernate.SQL - insert into log (comment,created_at,difficulty,rating,total_distance,total_time,tour_id) values (?,?,?,?,?,?,?)
2026-06-29 14:05:52.889 [http-nio-8080-exec-5] TRACE org.hibernate.orm.jdbc.bind - binding parameter (1:VARCHAR) <- [First Log]
2026-06-29 14:05:52.889 [http-nio-8080-exec-4] TRACE org.hibernate.orm.jdbc.bind - binding parameter (1:VARCHAR) <- [First Log]
2026-06-29 14:05:52.892 [http-nio-8080-exec-5] TRACE org.hibernate.orm.jdbc.bind - binding parameter (2:TIMESTAMP) <- [2026-05-23T08:21:14.373]
2026-06-29 14:05:52.892 [http-nio-8080-exec-4] TRACE org.hibernate.orm.jdbc.bind - binding parameter (2:TIMESTAMP) <- [2026-05-23T08:21:14.373]
2026-06-29 14:05:52.900 [http-nio-8080-exec-5] TRACE org.hibernate.orm.jdbc.bind - binding parameter (3:INTEGER) <- [1]
2026-06-29 14:05:52.900 [http-nio-8080-exec-4] TRACE org.hibernate.orm.jdbc.bind - binding parameter (3:INTEGER) <- [1]
2026-06-29 14:05:52.901 [http-nio-8080-exec-5] TRACE org.hibernate.orm.jdbc.bind - binding parameter (4:INTEGER) <- [2]
2026-06-29 14:05:52.902 [http-nio-8080-exec-4] TRACE org.hibernate.orm.jdbc.bind - binding parameter (4:INTEGER) <- [2]
2026-06-29 14:05:52.903 [http-nio-8080-exec-4] TRACE org.hibernate.orm.jdbc.bind - binding parameter (5:DOUBLE) <- [2.0]
2026-06-29 14:05:52.903 [http-nio-8080-exec-5] TRACE org.hibernate.orm.jdbc.bind - binding parameter (5:DOUBLE) <- [2.0]
2026-06-29 14:05:52.905 [http-nio-8080-exec-4] TRACE org.hibernate.orm.jdbc.bind - binding parameter (6:INTEGER) <- [5000]
2026-06-29 14:05:52.905 [http-nio-8080-exec-5] TRACE org.hibernate.orm.jdbc.bind - binding parameter (6:INTEGER) <- [5000]
2026-06-29 14:05:52.906 [http-nio-8080-exec-4] TRACE org.hibernate.orm.jdbc.bind - binding parameter (7:BIGINT) <- [6]
2026-06-29 14:05:52.907 [http-nio-8080-exec-5] TRACE org.hibernate.orm.jdbc.bind - binding parameter (7:BIGINT) <- [7]
2026-06-29 14:05:52.933 [http-nio-8080-exec-4] DEBUG org.hibernate.SQL - insert into coordinates (lat,lng) values (?,?)
2026-06-29 14:05:52.933 [http-nio-8080-exec-5] DEBUG org.hibernate.SQL - insert into coordinates (lat,lng) values (?,?)
2026-06-29 14:05:52.934 [http-nio-8080-exec-4] TRACE org.hibernate.orm.jdbc.bind - binding parameter (1:DOUBLE) <- [48.18753]
2026-06-29 14:05:52.934 [http-nio-8080-exec-5] TRACE org.hibernate.orm.jdbc.bind - binding parameter (1:DOUBLE) <- [48.18753]
2026-06-29 14:05:52.935 [http-nio-8080-exec-4] TRACE org.hibernate.orm.jdbc.bind - binding parameter (2:DOUBLE) <- [16.355859]
2026-06-29 14:05:52.935 [http-nio-8080-exec-5] TRACE org.hibernate.orm.jdbc.bind - binding parameter (2:DOUBLE) <- [16.355859]
2026-06-29 14:05:52.957 [http-nio-8080-exec-4] DEBUG org.hibernate.SQL - insert into coordinates (lat,lng) values (?,?)
2026-06-29 14:05:52.957 [http-nio-8080-exec-5] DEBUG org.hibernate.SQL - insert into coordinates (lat,lng) values (?,?)
2026-06-29 14:05:52.958 [http-nio-8080-exec-4] TRACE org.hibernate.orm.jdbc.bind - binding parameter (1:DOUBLE) <- [48.186665]
2026-06-29 14:05:52.958 [http-nio-8080-exec-5] TRACE org.hibernate.orm.jdbc.bind - binding parameter (1:DOUBLE) <- [48.186665]
2026-06-29 14:05:52.959 [http-nio-8080-exec-4] TRACE org.hibernate.orm.jdbc.bind - binding parameter (2:DOUBLE) <- [16.359993]
2026-06-29 14:05:52.959 [http-nio-8080-exec-5] TRACE org.hibernate.orm.jdbc.bind - binding parameter (2:DOUBLE) <- [16.359993]
2026-06-29 14:05:52.974 [http-nio-8080-exec-4] DEBUG org.hibernate.SQL - insert into tour_route (distance,duration,from_location,from_coordinates_id,to_location,to_coordinates_id,tour_id,transport_mode) values (?,?,?,?,?,?,?,?)
2026-06-29 14:05:52.974 [http-nio-8080-exec-5] DEBUG org.hibernate.SQL - insert into tour_route (distance,duration,from_location,from_coordinates_id,to_location,to_coordinates_id,tour_id,transport_mode) values (?,?,?,?,?,?,?,?)
2026-06-29 14:05:52.976 [http-nio-8080-exec-4] TRACE org.hibernate.orm.jdbc.bind - binding parameter (1:DOUBLE) <- [479.2]
2026-06-29 14:05:52.977 [http-nio-8080-exec-5] TRACE org.hibernate.orm.jdbc.bind - binding parameter (1:DOUBLE) <- [479.2]
2026-06-29 14:05:52.977 [http-nio-8080-exec-4] TRACE org.hibernate.orm.jdbc.bind - binding parameter (2:DOUBLE) <- [114.6]
2026-06-29 14:05:52.978 [http-nio-8080-exec-5] TRACE org.hibernate.orm.jdbc.bind - binding parameter (2:DOUBLE) <- [114.6]
2026-06-29 14:05:52.979 [http-nio-8080-exec-4] TRACE org.hibernate.orm.jdbc.bind - binding parameter (3:VARCHAR) <- [Bacherplatz]
2026-06-29 14:05:52.979 [http-nio-8080-exec-5] TRACE org.hibernate.orm.jdbc.bind - binding parameter (3:VARCHAR) <- [Bacherplatz]
2026-06-29 14:05:52.980 [http-nio-8080-exec-4] TRACE org.hibernate.orm.jdbc.bind - binding parameter (4:BIGINT) <- [1134]
2026-06-29 14:05:52.981 [http-nio-8080-exec-5] TRACE org.hibernate.orm.jdbc.bind - binding parameter (4:BIGINT) <- [1135]
2026-06-29 14:05:52.982 [http-nio-8080-exec-4] TRACE org.hibernate.orm.jdbc.bind - binding parameter (5:VARCHAR) <- [Zentaplatz]
2026-06-29 14:05:52.982 [http-nio-8080-exec-5] TRACE org.hibernate.orm.jdbc.bind - binding parameter (5:VARCHAR) <- [Zentaplatz]
2026-06-29 14:05:52.983 [http-nio-8080-exec-4] TRACE org.hibernate.orm.jdbc.bind - binding parameter (6:BIGINT) <- [1136]
2026-06-29 14:05:52.983 [http-nio-8080-exec-5] TRACE org.hibernate.orm.jdbc.bind - binding parameter (6:BIGINT) <- [1137]
2026-06-29 14:05:52.984 [http-nio-8080-exec-4] TRACE org.hibernate.orm.jdbc.bind - binding parameter (7:BIGINT) <- [6]
2026-06-29 14:05:52.985 [http-nio-8080-exec-5] TRACE org.hibernate.orm.jdbc.bind - binding parameter (7:BIGINT) <- [7]
2026-06-29 14:05:52.986 [http-nio-8080-exec-4] TRACE org.hibernate.orm.jdbc.bind - binding parameter (8:VARCHAR) <- [BIKE]
2026-06-29 14:05:52.986 [http-nio-8080-exec-5] TRACE org.hibernate.orm.jdbc.bind - binding parameter (8:VARCHAR) <- [BIKE]
2026-06-29 14:05:52.997 [http-nio-8080-exec-4] DEBUG org.hibernate.SQL - insert into coordinates (lat,lng) values (?,?)
2026-06-29 14:05:52.998 [http-nio-8080-exec-4] TRACE org.hibernate.orm.jdbc.bind - binding parameter (1:DOUBLE) <- [48.187528]
2026-06-29 14:05:52.999 [http-nio-8080-exec-4] TRACE org.hibernate.orm.jdbc.bind - binding parameter (2:DOUBLE) <- [16.355861]
2026-06-29 14:05:53.002 [http-nio-8080-exec-4] DEBUG org.hibernate.SQL - insert into coordinates (lat,lng) values (?,?)
2026-06-29 14:05:53.003 [http-nio-8080-exec-5] DEBUG org.hibernate.SQL - insert into coordinates (lat,lng) values (?,?)
2026-06-29 14:05:53.003 [http-nio-8080-exec-4] TRACE org.hibernate.orm.jdbc.bind - binding parameter (1:DOUBLE) <- [48.187542]
2026-06-29 14:05:53.004 [http-nio-8080-exec-5] TRACE org.hibernate.orm.jdbc.bind - binding parameter (1:DOUBLE) <- [48.187528]
2026-06-29 14:05:53.005 [http-nio-8080-exec-4] TRACE org.hibernate.orm.jdbc.bind - binding parameter (2:DOUBLE) <- [16.355892]
2026-06-29 14:05:53.006 [http-nio-8080-exec-5] TRACE org.hibernate.orm.jdbc.bind - binding parameter (2:DOUBLE) <- [16.355861]
2026-06-29 14:05:53.008 [http-nio-8080-exec-4] DEBUG org.hibernate.SQL - insert into coordinates (lat,lng) values (?,?)
2026-06-29 14:05:53.009 [http-nio-8080-exec-4] TRACE org.hibernate.orm.jdbc.bind - binding parameter (1:DOUBLE) <- [48.187927]
2026-06-29 14:05:53.009 [http-nio-8080-exec-5] DEBUG org.hibernate.SQL - insert into coordinates (lat,lng) values (?,?)
2026-06-29 14:05:53.010 [http-nio-8080-exec-4] TRACE org.hibernate.orm.jdbc.bind - binding parameter (2:DOUBLE) <- [16.356745]
2026-06-29 14:05:53.011 [http-nio-8080-exec-5] TRACE org.hibernate.orm.jdbc.bind - binding parameter (1:DOUBLE) <- [48.187542]
2026-06-29 14:05:53.012 [http-nio-8080-exec-5] TRACE org.hibernate.orm.jdbc.bind - binding parameter (2:DOUBLE) <- [16.355892]
2026-06-29 14:05:53.014 [http-nio-8080-exec-4] DEBUG org.hibernate.SQL - insert into coordinates (lat,lng) values (?,?)
2026-06-29 14:05:53.015 [http-nio-8080-exec-4] TRACE org.hibernate.orm.jdbc.bind - binding parameter (1:DOUBLE) <- [48.188021]
2026-06-29 14:05:53.015 [http-nio-8080-exec-5] DEBUG org.hibernate.SQL - insert into coordinates (lat,lng) values (?,?)
2026-06-29 14:05:53.016 [http-nio-8080-exec-4] TRACE org.hibernate.orm.jdbc.bind - binding parameter (2:DOUBLE) <- [16.356967]
2026-06-29 14:05:53.017 [http-nio-8080-exec-5] TRACE org.hibernate.orm.jdbc.bind - binding parameter (1:DOUBLE) <- [48.187927]
2026-06-29 14:05:53.018 [http-nio-8080-exec-5] TRACE org.hibernate.orm.jdbc.bind - binding parameter (2:DOUBLE) <- [16.356745]
2026-06-29 14:05:53.020 [http-nio-8080-exec-4] DEBUG org.hibernate.SQL - insert into coordinates (lat,lng) values (?,?)
2026-06-29 14:05:53.021 [http-nio-8080-exec-5] DEBUG org.hibernate.SQL - insert into coordinates (lat,lng) values (?,?)
2026-06-29 14:05:53.021 [http-nio-8080-exec-4] TRACE org.hibernate.orm.jdbc.bind - binding parameter (1:DOUBLE) <- [48.188046]
2026-06-29 14:05:53.022 [http-nio-8080-exec-5] TRACE org.hibernate.orm.jdbc.bind - binding parameter (1:DOUBLE) <- [48.188021]
2026-06-29 14:05:53.022 [http-nio-8080-exec-4] TRACE org.hibernate.orm.jdbc.bind - binding parameter (2:DOUBLE) <- [16.357047]
2026-06-29 14:05:53.023 [http-nio-8080-exec-5] TRACE org.hibernate.orm.jdbc.bind - binding parameter (2:DOUBLE) <- [16.356967]
2026-06-29 14:05:53.025 [http-nio-8080-exec-4] DEBUG org.hibernate.SQL - insert into coordinates (lat,lng) values (?,?)
2026-06-29 14:05:53.026 [http-nio-8080-exec-5] DEBUG org.hibernate.SQL - insert into coordinates (lat,lng) values (?,?)
2026-06-29 14:05:53.027 [http-nio-8080-exec-4] TRACE org.hibernate.orm.jdbc.bind - binding parameter (1:DOUBLE) <- [48.188073]
2026-06-29 14:05:53.027 [http-nio-8080-exec-5] TRACE org.hibernate.orm.jdbc.bind - binding parameter (1:DOUBLE) <- [48.188046]
2026-06-29 14:05:53.028 [http-nio-8080-exec-4] TRACE org.hibernate.orm.jdbc.bind - binding parameter (2:DOUBLE) <- [16.357136]
2026-06-29 14:05:53.029 [http-nio-8080-exec-5] TRACE org.hibernate.orm.jdbc.bind - binding parameter (2:DOUBLE) <- [16.357047]
2026-06-29 14:05:53.031 [http-nio-8080-exec-4] DEBUG org.hibernate.SQL - insert into coordinates (lat,lng) values (?,?)
2026-06-29 14:05:53.032 [http-nio-8080-exec-5] DEBUG org.hibernate.SQL - insert into coordinates (lat,lng) values (?,?)
2026-06-29 14:05:53.032 [http-nio-8080-exec-4] TRACE org.hibernate.orm.jdbc.bind - binding parameter (1:DOUBLE) <- [48.188502]
2026-06-29 14:05:53.033 [http-nio-8080-exec-5] TRACE org.hibernate.orm.jdbc.bind - binding parameter (1:DOUBLE) <- [48.188073]
2026-06-29 14:05:53.033 [http-nio-8080-exec-4] TRACE org.hibernate.orm.jdbc.bind - binding parameter (2:DOUBLE) <- [16.358379]
2026-06-29 14:05:53.034 [http-nio-8080-exec-5] TRACE org.hibernate.orm.jdbc.bind - binding parameter (2:DOUBLE) <- [16.357136]
2026-06-29 14:05:53.036 [http-nio-8080-exec-4] DEBUG org.hibernate.SQL - insert into coordinates (lat,lng) values (?,?)
2026-06-29 14:05:53.037 [http-nio-8080-exec-5] DEBUG org.hibernate.SQL - insert into coordinates (lat,lng) values (?,?)
2026-06-29 14:05:53.037 [http-nio-8080-exec-4] TRACE org.hibernate.orm.jdbc.bind - binding parameter (1:DOUBLE) <- [48.188524]
2026-06-29 14:05:53.038 [http-nio-8080-exec-5] TRACE org.hibernate.orm.jdbc.bind - binding parameter (1:DOUBLE) <- [48.188502]
2026-06-29 14:05:53.039 [http-nio-8080-exec-4] TRACE org.hibernate.orm.jdbc.bind - binding parameter (2:DOUBLE) <- [16.358456]
2026-06-29 14:05:53.040 [http-nio-8080-exec-5] TRACE org.hibernate.orm.jdbc.bind - binding parameter (2:DOUBLE) <- [16.358379]
2026-06-29 14:05:53.042 [http-nio-8080-exec-4] DEBUG org.hibernate.SQL - insert into coordinates (lat,lng) values (?,?)
2026-06-29 14:05:53.042 [http-nio-8080-exec-5] DEBUG org.hibernate.SQL - insert into coordinates (lat,lng) values (?,?)
2026-06-29 14:05:53.043 [http-nio-8080-exec-4] TRACE org.hibernate.orm.jdbc.bind - binding parameter (1:DOUBLE) <- [48.188478]
2026-06-29 14:05:53.044 [http-nio-8080-exec-5] TRACE org.hibernate.orm.jdbc.bind - binding parameter (1:DOUBLE) <- [48.188524]
2026-06-29 14:05:53.044 [http-nio-8080-exec-4] TRACE org.hibernate.orm.jdbc.bind - binding parameter (2:DOUBLE) <- [16.358501]
2026-06-29 14:05:53.045 [http-nio-8080-exec-5] TRACE org.hibernate.orm.jdbc.bind - binding parameter (2:DOUBLE) <- [16.358456]
2026-06-29 14:05:53.047 [http-nio-8080-exec-4] DEBUG org.hibernate.SQL - insert into coordinates (lat,lng) values (?,?)
2026-06-29 14:05:53.048 [http-nio-8080-exec-5] DEBUG org.hibernate.SQL - insert into coordinates (lat,lng) values (?,?)
2026-06-29 14:05:53.048 [http-nio-8080-exec-4] TRACE org.hibernate.orm.jdbc.bind - binding parameter (1:DOUBLE) <- [48.187712]
2026-06-29 14:05:53.049 [http-nio-8080-exec-5] TRACE org.hibernate.orm.jdbc.bind - binding parameter (1:DOUBLE) <- [48.188478]
2026-06-29 14:05:53.050 [http-nio-8080-exec-4] TRACE org.hibernate.orm.jdbc.bind - binding parameter (2:DOUBLE) <- [16.359277]
2026-06-29 14:05:53.050 [http-nio-8080-exec-5] TRACE org.hibernate.orm.jdbc.bind - binding parameter (2:DOUBLE) <- [16.358501]
2026-06-29 14:05:53.053 [http-nio-8080-exec-4] DEBUG org.hibernate.SQL - insert into coordinates (lat,lng) values (?,?)
2026-06-29 14:05:53.053 [http-nio-8080-exec-5] DEBUG org.hibernate.SQL - insert into coordinates (lat,lng) values (?,?)
2026-06-29 14:05:53.054 [http-nio-8080-exec-4] TRACE org.hibernate.orm.jdbc.bind - binding parameter (1:DOUBLE) <- [48.187665]
2026-06-29 14:05:53.055 [http-nio-8080-exec-5] TRACE org.hibernate.orm.jdbc.bind - binding parameter (1:DOUBLE) <- [48.187712]
2026-06-29 14:05:53.055 [http-nio-8080-exec-4] TRACE org.hibernate.orm.jdbc.bind - binding parameter (2:DOUBLE) <- [16.359327]
2026-06-29 14:05:53.056 [http-nio-8080-exec-5] TRACE org.hibernate.orm.jdbc.bind - binding parameter (2:DOUBLE) <- [16.359277]
2026-06-29 14:05:53.059 [http-nio-8080-exec-5] DEBUG org.hibernate.SQL - insert into coordinates (lat,lng) values (?,?)
2026-06-29 14:05:53.059 [http-nio-8080-exec-4] DEBUG org.hibernate.SQL - insert into coordinates (lat,lng) values (?,?)
2026-06-29 14:05:53.060 [http-nio-8080-exec-5] TRACE org.hibernate.orm.jdbc.bind - binding parameter (1:DOUBLE) <- [48.187665]
2026-06-29 14:05:53.061 [http-nio-8080-exec-4] TRACE org.hibernate.orm.jdbc.bind - binding parameter (1:DOUBLE) <- [48.187612]
2026-06-29 14:05:53.061 [http-nio-8080-exec-5] TRACE org.hibernate.orm.jdbc.bind - binding parameter (2:DOUBLE) <- [16.359327]
2026-06-29 14:05:53.062 [http-nio-8080-exec-4] TRACE org.hibernate.orm.jdbc.bind - binding parameter (2:DOUBLE) <- [16.359379]
2026-06-29 14:05:53.064 [http-nio-8080-exec-5] DEBUG org.hibernate.SQL - insert into coordinates (lat,lng) values (?,?)
2026-06-29 14:05:53.065 [http-nio-8080-exec-4] DEBUG org.hibernate.SQL - insert into coordinates (lat,lng) values (?,?)
2026-06-29 14:05:53.065 [http-nio-8080-exec-5] TRACE org.hibernate.orm.jdbc.bind - binding parameter (1:DOUBLE) <- [48.187612]
2026-06-29 14:05:53.066 [http-nio-8080-exec-4] TRACE org.hibernate.orm.jdbc.bind - binding parameter (1:DOUBLE) <- [48.186895]
2026-06-29 14:05:53.066 [http-nio-8080-exec-5] TRACE org.hibernate.orm.jdbc.bind - binding parameter (2:DOUBLE) <- [16.359379]
2026-06-29 14:05:53.067 [http-nio-8080-exec-4] TRACE org.hibernate.orm.jdbc.bind - binding parameter (2:DOUBLE) <- [16.360115]
2026-06-29 14:05:53.069 [http-nio-8080-exec-5] DEBUG org.hibernate.SQL - insert into coordinates (lat,lng) values (?,?)
2026-06-29 14:05:53.070 [http-nio-8080-exec-4] DEBUG org.hibernate.SQL - insert into coordinates (lat,lng) values (?,?)
2026-06-29 14:05:53.070 [http-nio-8080-exec-5] TRACE org.hibernate.orm.jdbc.bind - binding parameter (1:DOUBLE) <- [48.186895]
2026-06-29 14:05:53.071 [http-nio-8080-exec-4] TRACE org.hibernate.orm.jdbc.bind - binding parameter (1:DOUBLE) <- [48.186868]
2026-06-29 14:05:53.072 [http-nio-8080-exec-5] TRACE org.hibernate.orm.jdbc.bind - binding parameter (2:DOUBLE) <- [16.360115]
2026-06-29 14:05:53.073 [http-nio-8080-exec-4] TRACE org.hibernate.orm.jdbc.bind - binding parameter (2:DOUBLE) <- [16.360145]
2026-06-29 14:05:53.075 [http-nio-8080-exec-5] DEBUG org.hibernate.SQL - insert into coordinates (lat,lng) values (?,?)
2026-06-29 14:05:53.076 [http-nio-8080-exec-4] DEBUG org.hibernate.SQL - insert into coordinates (lat,lng) values (?,?)
2026-06-29 14:05:53.076 [http-nio-8080-exec-5] TRACE org.hibernate.orm.jdbc.bind - binding parameter (1:DOUBLE) <- [48.186868]
2026-06-29 14:05:53.077 [http-nio-8080-exec-4] TRACE org.hibernate.orm.jdbc.bind - binding parameter (1:DOUBLE) <- [48.186839]
2026-06-29 14:05:53.077 [http-nio-8080-exec-5] TRACE org.hibernate.orm.jdbc.bind - binding parameter (2:DOUBLE) <- [16.360145]
2026-06-29 14:05:53.078 [http-nio-8080-exec-4] TRACE org.hibernate.orm.jdbc.bind - binding parameter (2:DOUBLE) <- [16.360174]
2026-06-29 14:05:53.080 [http-nio-8080-exec-5] DEBUG org.hibernate.SQL - insert into coordinates (lat,lng) values (?,?)
2026-06-29 14:05:53.080 [http-nio-8080-exec-4] DEBUG org.hibernate.SQL - insert into coordinates (lat,lng) values (?,?)
2026-06-29 14:05:53.081 [http-nio-8080-exec-5] TRACE org.hibernate.orm.jdbc.bind - binding parameter (1:DOUBLE) <- [48.186839]
2026-06-29 14:05:53.082 [http-nio-8080-exec-4] TRACE org.hibernate.orm.jdbc.bind - binding parameter (1:DOUBLE) <- [48.186785]
2026-06-29 14:05:53.082 [http-nio-8080-exec-5] TRACE org.hibernate.orm.jdbc.bind - binding parameter (2:DOUBLE) <- [16.360174]
2026-06-29 14:05:53.083 [http-nio-8080-exec-4] TRACE org.hibernate.orm.jdbc.bind - binding parameter (2:DOUBLE) <- [16.36006]
2026-06-29 14:05:53.086 [http-nio-8080-exec-5] DEBUG org.hibernate.SQL - insert into coordinates (lat,lng) values (?,?)
2026-06-29 14:05:53.086 [http-nio-8080-exec-4] DEBUG org.hibernate.SQL - insert into coordinates (lat,lng) values (?,?)
2026-06-29 14:05:53.087 [http-nio-8080-exec-5] TRACE org.hibernate.orm.jdbc.bind - binding parameter (1:DOUBLE) <- [48.186785]
2026-06-29 14:05:53.088 [http-nio-8080-exec-4] TRACE org.hibernate.orm.jdbc.bind - binding parameter (1:DOUBLE) <- [48.186738]
2026-06-29 14:05:53.088 [http-nio-8080-exec-5] TRACE org.hibernate.orm.jdbc.bind - binding parameter (2:DOUBLE) <- [16.36006]
2026-06-29 14:05:53.089 [http-nio-8080-exec-4] TRACE org.hibernate.orm.jdbc.bind - binding parameter (2:DOUBLE) <- [16.360107]
2026-06-29 14:05:53.092 [http-nio-8080-exec-4] DEBUG org.hibernate.SQL - insert into coordinates (lat,lng) values (?,?)
2026-06-29 14:05:53.093 [http-nio-8080-exec-5] DEBUG org.hibernate.SQL - insert into coordinates (lat,lng) values (?,?)
2026-06-29 14:05:53.093 [http-nio-8080-exec-4] TRACE org.hibernate.orm.jdbc.bind - binding parameter (1:DOUBLE) <- [48.18669]
2026-06-29 14:05:53.094 [http-nio-8080-exec-5] TRACE org.hibernate.orm.jdbc.bind - binding parameter (1:DOUBLE) <- [48.186738]
2026-06-29 14:05:53.094 [http-nio-8080-exec-4] TRACE org.hibernate.orm.jdbc.bind - binding parameter (2:DOUBLE) <- [16.360002]
2026-06-29 14:05:53.095 [http-nio-8080-exec-5] TRACE org.hibernate.orm.jdbc.bind - binding parameter (2:DOUBLE) <- [16.360107]
2026-06-29 14:05:53.097 [http-nio-8080-exec-4] DEBUG org.hibernate.SQL - insert into coordinates (lat,lng) values (?,?)
2026-06-29 14:05:53.097 [http-nio-8080-exec-5] DEBUG org.hibernate.SQL - insert into coordinates (lat,lng) values (?,?)
2026-06-29 14:05:53.098 [http-nio-8080-exec-4] TRACE org.hibernate.orm.jdbc.bind - binding parameter (1:DOUBLE) <- [48.186669]
2026-06-29 14:05:53.099 [http-nio-8080-exec-5] TRACE org.hibernate.orm.jdbc.bind - binding parameter (1:DOUBLE) <- [48.18669]
2026-06-29 14:05:53.100 [http-nio-8080-exec-4] TRACE org.hibernate.orm.jdbc.bind - binding parameter (2:DOUBLE) <- [16.359984]
2026-06-29 14:05:53.100 [http-nio-8080-exec-5] TRACE org.hibernate.orm.jdbc.bind - binding parameter (2:DOUBLE) <- [16.360002]
2026-06-29 14:05:53.103 [http-nio-8080-exec-4] DEBUG org.hibernate.SQL - insert into coordinates (lat,lng) values (?,?)
2026-06-29 14:05:53.103 [http-nio-8080-exec-5] DEBUG org.hibernate.SQL - insert into coordinates (lat,lng) values (?,?)
2026-06-29 14:05:53.104 [http-nio-8080-exec-4] TRACE org.hibernate.orm.jdbc.bind - binding parameter (1:DOUBLE) <- [48.186665]
2026-06-29 14:05:53.104 [http-nio-8080-exec-5] TRACE org.hibernate.orm.jdbc.bind - binding parameter (1:DOUBLE) <- [48.186669]
2026-06-29 14:05:53.105 [http-nio-8080-exec-4] TRACE org.hibernate.orm.jdbc.bind - binding parameter (2:DOUBLE) <- [16.359993]
2026-06-29 14:05:53.106 [http-nio-8080-exec-5] TRACE org.hibernate.orm.jdbc.bind - binding parameter (2:DOUBLE) <- [16.359984]
2026-06-29 14:05:53.108 [http-nio-8080-exec-4] DEBUG org.hibernate.SQL - insert into coordinates (lat,lng) values (?,?)
2026-06-29 14:05:53.109 [http-nio-8080-exec-5] DEBUG org.hibernate.SQL - insert into coordinates (lat,lng) values (?,?)
2026-06-29 14:05:53.109 [http-nio-8080-exec-4] TRACE org.hibernate.orm.jdbc.bind - binding parameter (1:DOUBLE) <- [48.18753]
2026-06-29 14:05:53.110 [http-nio-8080-exec-5] TRACE org.hibernate.orm.jdbc.bind - binding parameter (1:DOUBLE) <- [48.186665]
2026-06-29 14:05:53.111 [http-nio-8080-exec-4] TRACE org.hibernate.orm.jdbc.bind - binding parameter (2:DOUBLE) <- [16.355859]
2026-06-29 14:05:53.112 [http-nio-8080-exec-5] TRACE org.hibernate.orm.jdbc.bind - binding parameter (2:DOUBLE) <- [16.359993]
2026-06-29 14:05:53.115 [http-nio-8080-exec-4] DEBUG org.hibernate.SQL - insert into tour_route (distance,duration,from_location,from_coordinates_id,to_location,to_coordinates_id,tour_id,transport_mode) values (?,?,?,?,?,?,?,?)
2026-06-29 14:05:53.116 [http-nio-8080-exec-5] DEBUG org.hibernate.SQL - insert into coordinates (lat,lng) values (?,?)
2026-06-29 14:05:53.117 [http-nio-8080-exec-4] TRACE org.hibernate.orm.jdbc.bind - binding parameter (1:DOUBLE) <- [625.1]
2026-06-29 14:05:53.118 [http-nio-8080-exec-5] TRACE org.hibernate.orm.jdbc.bind - binding parameter (1:DOUBLE) <- [48.18753]
2026-06-29 14:05:53.119 [http-nio-8080-exec-4] TRACE org.hibernate.orm.jdbc.bind - binding parameter (2:DOUBLE) <- [143.8]
2026-06-29 14:05:53.120 [http-nio-8080-exec-5] TRACE org.hibernate.orm.jdbc.bind - binding parameter (2:DOUBLE) <- [16.355859]
2026-06-29 14:05:53.121 [http-nio-8080-exec-4] TRACE org.hibernate.orm.jdbc.bind - binding parameter (3:VARCHAR) <- [Zentaplatz]
2026-06-29 14:05:53.122 [http-nio-8080-exec-4] TRACE org.hibernate.orm.jdbc.bind - binding parameter (4:BIGINT) <- [1175]
2026-06-29 14:05:53.123 [http-nio-8080-exec-4] TRACE org.hibernate.orm.jdbc.bind - binding parameter (5:VARCHAR) <- [Bacherplatz]
2026-06-29 14:05:53.125 [http-nio-8080-exec-4] TRACE org.hibernate.orm.jdbc.bind - binding parameter (6:BIGINT) <- [1177]
2026-06-29 14:05:53.126 [http-nio-8080-exec-4] TRACE org.hibernate.orm.jdbc.bind - binding parameter (7:BIGINT) <- [6]
2026-06-29 14:05:53.127 [http-nio-8080-exec-4] TRACE org.hibernate.orm.jdbc.bind - binding parameter (8:VARCHAR) <- [BIKE]
2026-06-29 14:05:53.128 [http-nio-8080-exec-5] DEBUG org.hibernate.SQL - insert into tour_route (distance,duration,from_location,from_coordinates_id,to_location,to_coordinates_id,tour_id,transport_mode) values (?,?,?,?,?,?,?,?)
2026-06-29 14:05:53.130 [http-nio-8080-exec-5] TRACE org.hibernate.orm.jdbc.bind - binding parameter (1:DOUBLE) <- [625.1]
2026-06-29 14:05:53.131 [http-nio-8080-exec-5] TRACE org.hibernate.orm.jdbc.bind - binding parameter (2:DOUBLE) <- [143.8]
2026-06-29 14:05:53.135 [http-nio-8080-exec-5] TRACE org.hibernate.orm.jdbc.bind - binding parameter (3:VARCHAR) <- [Zentaplatz]
2026-06-29 14:05:53.138 [http-nio-8080-exec-5] TRACE org.hibernate.orm.jdbc.bind - binding parameter (4:BIGINT) <- [1178]
2026-06-29 14:05:53.138 [http-nio-8080-exec-4] DEBUG org.hibernate.SQL - insert into coordinates (lat,lng) values (?,?)
2026-06-29 14:05:53.140 [http-nio-8080-exec-5] TRACE org.hibernate.orm.jdbc.bind - binding parameter (5:VARCHAR) <- [Bacherplatz]
2026-06-29 14:05:53.141 [http-nio-8080-exec-4] TRACE org.hibernate.orm.jdbc.bind - binding parameter (1:DOUBLE) <- [48.186669]
2026-06-29 14:05:53.142 [http-nio-8080-exec-5] TRACE org.hibernate.orm.jdbc.bind - binding parameter (6:BIGINT) <- [1179]
2026-06-29 14:05:53.142 [http-nio-8080-exec-4] TRACE org.hibernate.orm.jdbc.bind - binding parameter (2:DOUBLE) <- [16.359984]
2026-06-29 14:05:53.143 [http-nio-8080-exec-5] TRACE org.hibernate.orm.jdbc.bind - binding parameter (7:BIGINT) <- [7]
2026-06-29 14:05:53.145 [http-nio-8080-exec-5] TRACE org.hibernate.orm.jdbc.bind - binding parameter (8:VARCHAR) <- [BIKE]
2026-06-29 14:05:53.146 [http-nio-8080-exec-4] DEBUG org.hibernate.SQL - insert into coordinates (lat,lng) values (?,?)
2026-06-29 14:05:53.147 [http-nio-8080-exec-4] TRACE org.hibernate.orm.jdbc.bind - binding parameter (1:DOUBLE) <- [48.18669]
2026-06-29 14:05:53.148 [http-nio-8080-exec-4] TRACE org.hibernate.orm.jdbc.bind - binding parameter (2:DOUBLE) <- [16.360002]
2026-06-29 14:05:53.150 [http-nio-8080-exec-5] DEBUG org.hibernate.SQL - insert into coordinates (lat,lng) values (?,?)
2026-06-29 14:05:53.151 [http-nio-8080-exec-4] DEBUG org.hibernate.SQL - insert into coordinates (lat,lng) values (?,?)
2026-06-29 14:05:53.151 [http-nio-8080-exec-5] TRACE org.hibernate.orm.jdbc.bind - binding parameter (1:DOUBLE) <- [48.186669]
2026-06-29 14:05:53.152 [http-nio-8080-exec-4] TRACE org.hibernate.orm.jdbc.bind - binding parameter (1:DOUBLE) <- [48.186738]
2026-06-29 14:05:53.153 [http-nio-8080-exec-5] TRACE org.hibernate.orm.jdbc.bind - binding parameter (2:DOUBLE) <- [16.359984]
2026-06-29 14:05:53.153 [http-nio-8080-exec-4] TRACE org.hibernate.orm.jdbc.bind - binding parameter (2:DOUBLE) <- [16.360107]
2026-06-29 14:05:53.157 [http-nio-8080-exec-5] DEBUG org.hibernate.SQL - insert into coordinates (lat,lng) values (?,?)
2026-06-29 14:05:53.157 [http-nio-8080-exec-4] DEBUG org.hibernate.SQL - insert into coordinates (lat,lng) values (?,?)
2026-06-29 14:05:53.158 [http-nio-8080-exec-5] TRACE org.hibernate.orm.jdbc.bind - binding parameter (1:DOUBLE) <- [48.18669]
2026-06-29 14:05:53.159 [http-nio-8080-exec-4] TRACE org.hibernate.orm.jdbc.bind - binding parameter (1:DOUBLE) <- [48.186785]
2026-06-29 14:05:53.159 [http-nio-8080-exec-5] TRACE org.hibernate.orm.jdbc.bind - binding parameter (2:DOUBLE) <- [16.360002]
2026-06-29 14:05:53.160 [http-nio-8080-exec-4] TRACE org.hibernate.orm.jdbc.bind - binding parameter (2:DOUBLE) <- [16.36006]
2026-06-29 14:05:53.162 [http-nio-8080-exec-5] DEBUG org.hibernate.SQL - insert into coordinates (lat,lng) values (?,?)
2026-06-29 14:05:53.163 [http-nio-8080-exec-4] DEBUG org.hibernate.SQL - insert into coordinates (lat,lng) values (?,?)
2026-06-29 14:05:53.163 [http-nio-8080-exec-5] TRACE org.hibernate.orm.jdbc.bind - binding parameter (1:DOUBLE) <- [48.186738]
2026-06-29 14:05:53.165 [http-nio-8080-exec-5] TRACE org.hibernate.orm.jdbc.bind - binding parameter (2:DOUBLE) <- [16.360107]
2026-06-29 14:05:53.165 [http-nio-8080-exec-4] TRACE org.hibernate.orm.jdbc.bind - binding parameter (1:DOUBLE) <- [48.186839]
2026-06-29 14:05:53.166 [http-nio-8080-exec-4] TRACE org.hibernate.orm.jdbc.bind - binding parameter (2:DOUBLE) <- [16.360174]
2026-06-29 14:05:53.169 [http-nio-8080-exec-5] DEBUG org.hibernate.SQL - insert into coordinates (lat,lng) values (?,?)
2026-06-29 14:05:53.169 [http-nio-8080-exec-4] DEBUG org.hibernate.SQL - insert into coordinates (lat,lng) values (?,?)
2026-06-29 14:05:53.170 [http-nio-8080-exec-5] TRACE org.hibernate.orm.jdbc.bind - binding parameter (1:DOUBLE) <- [48.186785]
2026-06-29 14:05:53.171 [http-nio-8080-exec-4] TRACE org.hibernate.orm.jdbc.bind - binding parameter (1:DOUBLE) <- [48.186348]
2026-06-29 14:05:53.171 [http-nio-8080-exec-5] TRACE org.hibernate.orm.jdbc.bind - binding parameter (2:DOUBLE) <- [16.36006]
2026-06-29 14:05:53.172 [http-nio-8080-exec-4] TRACE org.hibernate.orm.jdbc.bind - binding parameter (2:DOUBLE) <- [16.360674]
2026-06-29 14:05:53.176 [http-nio-8080-exec-4] DEBUG org.hibernate.SQL - insert into coordinates (lat,lng) values (?,?)
2026-06-29 14:05:53.177 [http-nio-8080-exec-5] DEBUG org.hibernate.SQL - insert into coordinates (lat,lng) values (?,?)
2026-06-29 14:05:53.177 [http-nio-8080-exec-4] TRACE org.hibernate.orm.jdbc.bind - binding parameter (1:DOUBLE) <- [48.186308]
2026-06-29 14:05:53.178 [http-nio-8080-exec-5] TRACE org.hibernate.orm.jdbc.bind - binding parameter (1:DOUBLE) <- [48.186839]
2026-06-29 14:05:53.178 [http-nio-8080-exec-4] TRACE org.hibernate.orm.jdbc.bind - binding parameter (2:DOUBLE) <- [16.360596]
2026-06-29 14:05:53.179 [http-nio-8080-exec-5] TRACE org.hibernate.orm.jdbc.bind - binding parameter (2:DOUBLE) <- [16.360174]
2026-06-29 14:05:53.181 [http-nio-8080-exec-4] DEBUG org.hibernate.SQL - insert into coordinates (lat,lng) values (?,?)
2026-06-29 14:05:53.182 [http-nio-8080-exec-5] DEBUG org.hibernate.SQL - insert into coordinates (lat,lng) values (?,?)
2026-06-29 14:05:53.183 [http-nio-8080-exec-4] TRACE org.hibernate.orm.jdbc.bind - binding parameter (1:DOUBLE) <- [48.18578]
2026-06-29 14:05:53.184 [http-nio-8080-exec-5] TRACE org.hibernate.orm.jdbc.bind - binding parameter (1:DOUBLE) <- [48.186348]
2026-06-29 14:05:53.184 [http-nio-8080-exec-4] TRACE org.hibernate.orm.jdbc.bind - binding parameter (2:DOUBLE) <- [16.359544]
2026-06-29 14:05:53.185 [http-nio-8080-exec-5] TRACE org.hibernate.orm.jdbc.bind - binding parameter (2:DOUBLE) <- [16.360674]
2026-06-29 14:05:53.187 [http-nio-8080-exec-4] DEBUG org.hibernate.SQL - insert into coordinates (lat,lng) values (?,?)
2026-06-29 14:05:53.188 [http-nio-8080-exec-5] DEBUG org.hibernate.SQL - insert into coordinates (lat,lng) values (?,?)
2026-06-29 14:05:53.188 [http-nio-8080-exec-4] TRACE org.hibernate.orm.jdbc.bind - binding parameter (1:DOUBLE) <- [48.185749]
2026-06-29 14:05:53.189 [http-nio-8080-exec-5] TRACE org.hibernate.orm.jdbc.bind - binding parameter (1:DOUBLE) <- [48.186308]
2026-06-29 14:05:53.190 [http-nio-8080-exec-4] TRACE org.hibernate.orm.jdbc.bind - binding parameter (2:DOUBLE) <- [16.359482]
2026-06-29 14:05:53.190 [http-nio-8080-exec-5] TRACE org.hibernate.orm.jdbc.bind - binding parameter (2:DOUBLE) <- [16.360596]
2026-06-29 14:05:53.193 [http-nio-8080-exec-4] DEBUG org.hibernate.SQL - insert into coordinates (lat,lng) values (?,?)
2026-06-29 14:05:53.193 [http-nio-8080-exec-5] DEBUG org.hibernate.SQL - insert into coordinates (lat,lng) values (?,?)
2026-06-29 14:05:53.194 [http-nio-8080-exec-4] TRACE org.hibernate.orm.jdbc.bind - binding parameter (1:DOUBLE) <- [48.185801]
2026-06-29 14:05:53.194 [http-nio-8080-exec-5] TRACE org.hibernate.orm.jdbc.bind - binding parameter (1:DOUBLE) <- [48.18578]
2026-06-29 14:05:53.195 [http-nio-8080-exec-4] TRACE org.hibernate.orm.jdbc.bind - binding parameter (2:DOUBLE) <- [16.359418]
2026-06-29 14:05:53.196 [http-nio-8080-exec-5] TRACE org.hibernate.orm.jdbc.bind - binding parameter (2:DOUBLE) <- [16.359544]
2026-06-29 14:05:53.198 [http-nio-8080-exec-4] DEBUG org.hibernate.SQL - insert into coordinates (lat,lng) values (?,?)
2026-06-29 14:05:53.198 [http-nio-8080-exec-5] DEBUG org.hibernate.SQL - insert into coordinates (lat,lng) values (?,?)
2026-06-29 14:05:53.199 [http-nio-8080-exec-4] TRACE org.hibernate.orm.jdbc.bind - binding parameter (1:DOUBLE) <- [48.187001]
2026-06-29 14:05:53.199 [http-nio-8080-exec-5] TRACE org.hibernate.orm.jdbc.bind - binding parameter (1:DOUBLE) <- [48.185749]
2026-06-29 14:05:53.200 [http-nio-8080-exec-4] TRACE org.hibernate.orm.jdbc.bind - binding parameter (2:DOUBLE) <- [16.358142]
2026-06-29 14:05:53.201 [http-nio-8080-exec-5] TRACE org.hibernate.orm.jdbc.bind - binding parameter (2:DOUBLE) <- [16.359482]
2026-06-29 14:05:53.203 [http-nio-8080-exec-4] DEBUG org.hibernate.SQL - insert into coordinates (lat,lng) values (?,?)
2026-06-29 14:05:53.204 [http-nio-8080-exec-5] DEBUG org.hibernate.SQL - insert into coordinates (lat,lng) values (?,?)
2026-06-29 14:05:53.204 [http-nio-8080-exec-4] TRACE org.hibernate.orm.jdbc.bind - binding parameter (1:DOUBLE) <- [48.187047]
2026-06-29 14:05:53.205 [http-nio-8080-exec-5] TRACE org.hibernate.orm.jdbc.bind - binding parameter (1:DOUBLE) <- [48.185801]
2026-06-29 14:05:53.206 [http-nio-8080-exec-4] TRACE org.hibernate.orm.jdbc.bind - binding parameter (2:DOUBLE) <- [16.358095]
2026-06-29 14:05:53.206 [http-nio-8080-exec-5] TRACE org.hibernate.orm.jdbc.bind - binding parameter (2:DOUBLE) <- [16.359418]
2026-06-29 14:05:53.208 [http-nio-8080-exec-4] DEBUG org.hibernate.SQL - insert into coordinates (lat,lng) values (?,?)
2026-06-29 14:05:53.209 [http-nio-8080-exec-5] DEBUG org.hibernate.SQL - insert into coordinates (lat,lng) values (?,?)
2026-06-29 14:05:53.209 [http-nio-8080-exec-4] TRACE org.hibernate.orm.jdbc.bind - binding parameter (1:DOUBLE) <- [48.187094]
2026-06-29 14:05:53.210 [http-nio-8080-exec-5] TRACE org.hibernate.orm.jdbc.bind - binding parameter (1:DOUBLE) <- [48.187001]
2026-06-29 14:05:53.210 [http-nio-8080-exec-4] TRACE org.hibernate.orm.jdbc.bind - binding parameter (2:DOUBLE) <- [16.358054]
2026-06-29 14:05:53.211 [http-nio-8080-exec-5] TRACE org.hibernate.orm.jdbc.bind - binding parameter (2:DOUBLE) <- [16.358142]
2026-06-29 14:05:53.213 [http-nio-8080-exec-4] DEBUG org.hibernate.SQL - insert into coordinates (lat,lng) values (?,?)
2026-06-29 14:05:53.214 [http-nio-8080-exec-5] DEBUG org.hibernate.SQL - insert into coordinates (lat,lng) values (?,?)
2026-06-29 14:05:53.215 [http-nio-8080-exec-4] TRACE org.hibernate.orm.jdbc.bind - binding parameter (1:DOUBLE) <- [48.18799]
2026-06-29 14:05:53.215 [http-nio-8080-exec-5] TRACE org.hibernate.orm.jdbc.bind - binding parameter (1:DOUBLE) <- [48.187047]
2026-06-29 14:05:53.216 [http-nio-8080-exec-4] TRACE org.hibernate.orm.jdbc.bind - binding parameter (2:DOUBLE) <- [16.357119]
2026-06-29 14:05:53.217 [http-nio-8080-exec-5] TRACE org.hibernate.orm.jdbc.bind - binding parameter (2:DOUBLE) <- [16.358095]
2026-06-29 14:05:53.219 [http-nio-8080-exec-4] DEBUG org.hibernate.SQL - insert into coordinates (lat,lng) values (?,?)
2026-06-29 14:05:53.219 [http-nio-8080-exec-5] DEBUG org.hibernate.SQL - insert into coordinates (lat,lng) values (?,?)
2026-06-29 14:05:53.220 [http-nio-8080-exec-4] TRACE org.hibernate.orm.jdbc.bind - binding parameter (1:DOUBLE) <- [48.188046]
2026-06-29 14:05:53.221 [http-nio-8080-exec-5] TRACE org.hibernate.orm.jdbc.bind - binding parameter (1:DOUBLE) <- [48.187094]
2026-06-29 14:05:53.221 [http-nio-8080-exec-4] TRACE org.hibernate.orm.jdbc.bind - binding parameter (2:DOUBLE) <- [16.357047]
2026-06-29 14:05:53.222 [http-nio-8080-exec-5] TRACE org.hibernate.orm.jdbc.bind - binding parameter (2:DOUBLE) <- [16.358054]
2026-06-29 14:05:53.224 [http-nio-8080-exec-4] DEBUG org.hibernate.SQL - insert into coordinates (lat,lng) values (?,?)
2026-06-29 14:05:53.225 [http-nio-8080-exec-4] TRACE org.hibernate.orm.jdbc.bind - binding parameter (1:DOUBLE) <- [48.188021]
2026-06-29 14:05:53.225 [http-nio-8080-exec-5] DEBUG org.hibernate.SQL - insert into coordinates (lat,lng) values (?,?)
2026-06-29 14:05:53.226 [http-nio-8080-exec-4] TRACE org.hibernate.orm.jdbc.bind - binding parameter (2:DOUBLE) <- [16.356967]
2026-06-29 14:05:53.226 [http-nio-8080-exec-5] TRACE org.hibernate.orm.jdbc.bind - binding parameter (1:DOUBLE) <- [48.18799]
2026-06-29 14:05:53.228 [http-nio-8080-exec-5] TRACE org.hibernate.orm.jdbc.bind - binding parameter (2:DOUBLE) <- [16.357119]
2026-06-29 14:05:53.229 [http-nio-8080-exec-4] DEBUG org.hibernate.SQL - insert into coordinates (lat,lng) values (?,?)
2026-06-29 14:05:53.230 [http-nio-8080-exec-4] TRACE org.hibernate.orm.jdbc.bind - binding parameter (1:DOUBLE) <- [48.187927]
2026-06-29 14:05:53.230 [http-nio-8080-exec-5] DEBUG org.hibernate.SQL - insert into coordinates (lat,lng) values (?,?)
2026-06-29 14:05:53.231 [http-nio-8080-exec-4] TRACE org.hibernate.orm.jdbc.bind - binding parameter (2:DOUBLE) <- [16.356745]
2026-06-29 14:05:53.232 [http-nio-8080-exec-5] TRACE org.hibernate.orm.jdbc.bind - binding parameter (1:DOUBLE) <- [48.188046]
2026-06-29 14:05:53.233 [http-nio-8080-exec-5] TRACE org.hibernate.orm.jdbc.bind - binding parameter (2:DOUBLE) <- [16.357047]
2026-06-29 14:05:53.234 [http-nio-8080-exec-4] DEBUG org.hibernate.SQL - insert into coordinates (lat,lng) values (?,?)
2026-06-29 14:05:53.235 [http-nio-8080-exec-4] TRACE org.hibernate.orm.jdbc.bind - binding parameter (1:DOUBLE) <- [48.187542]
2026-06-29 14:05:53.235 [http-nio-8080-exec-5] DEBUG org.hibernate.SQL - insert into coordinates (lat,lng) values (?,?)
2026-06-29 14:05:53.236 [http-nio-8080-exec-4] TRACE org.hibernate.orm.jdbc.bind - binding parameter (2:DOUBLE) <- [16.355892]
2026-06-29 14:05:53.237 [http-nio-8080-exec-5] TRACE org.hibernate.orm.jdbc.bind - binding parameter (1:DOUBLE) <- [48.188021]
2026-06-29 14:05:53.238 [http-nio-8080-exec-5] TRACE org.hibernate.orm.jdbc.bind - binding parameter (2:DOUBLE) <- [16.356967]
2026-06-29 14:05:53.239 [http-nio-8080-exec-4] DEBUG org.hibernate.SQL - insert into coordinates (lat,lng) values (?,?)
2026-06-29 14:05:53.240 [http-nio-8080-exec-4] TRACE org.hibernate.orm.jdbc.bind - binding parameter (1:DOUBLE) <- [48.187528]
2026-06-29 14:05:53.241 [http-nio-8080-exec-5] DEBUG org.hibernate.SQL - insert into coordinates (lat,lng) values (?,?)
2026-06-29 14:05:53.241 [http-nio-8080-exec-4] TRACE org.hibernate.orm.jdbc.bind - binding parameter (2:DOUBLE) <- [16.355861]
2026-06-29 14:05:53.242 [http-nio-8080-exec-5] TRACE org.hibernate.orm.jdbc.bind - binding parameter (1:DOUBLE) <- [48.187927]
2026-06-29 14:05:53.243 [http-nio-8080-exec-5] TRACE org.hibernate.orm.jdbc.bind - binding parameter (2:DOUBLE) <- [16.356745]
2026-06-29 14:05:53.246 [http-nio-8080-exec-5] DEBUG org.hibernate.SQL - insert into coordinates (lat,lng) values (?,?)
2026-06-29 14:05:53.247 [http-nio-8080-exec-5] TRACE org.hibernate.orm.jdbc.bind - binding parameter (1:DOUBLE) <- [48.187542]
2026-06-29 14:05:53.248 [http-nio-8080-exec-5] TRACE org.hibernate.orm.jdbc.bind - binding parameter (2:DOUBLE) <- [16.355892]
2026-06-29 14:05:53.250 [http-nio-8080-exec-5] DEBUG org.hibernate.SQL - insert into coordinates (lat,lng) values (?,?)
2026-06-29 14:05:53.251 [http-nio-8080-exec-5] TRACE org.hibernate.orm.jdbc.bind - binding parameter (1:DOUBLE) <- [48.187528]
2026-06-29 14:05:53.252 [http-nio-8080-exec-5] TRACE org.hibernate.orm.jdbc.bind - binding parameter (2:DOUBLE) <- [16.355861]
2026-06-29 14:05:53.372 [http-nio-8080-exec-4] DEBUG org.hibernate.SQL - update coordinates set tour_route_id=? where id=?
2026-06-29 14:05:53.372 [http-nio-8080-exec-5] DEBUG org.hibernate.SQL - update coordinates set tour_route_id=? where id=?
2026-06-29 14:05:53.373 [http-nio-8080-exec-4] TRACE org.hibernate.orm.jdbc.bind - binding parameter (1:BIGINT) <- [7]
2026-06-29 14:05:53.374 [http-nio-8080-exec-5] TRACE org.hibernate.orm.jdbc.bind - binding parameter (1:BIGINT) <- [8]
2026-06-29 14:05:53.374 [http-nio-8080-exec-4] TRACE org.hibernate.orm.jdbc.bind - binding parameter (2:BIGINT) <- [1138]
2026-06-29 14:05:53.375 [http-nio-8080-exec-5] TRACE org.hibernate.orm.jdbc.bind - binding parameter (2:BIGINT) <- [1140]
2026-06-29 14:05:53.392 [http-nio-8080-exec-4] DEBUG org.hibernate.SQL - update coordinates set tour_route_id=? where id=?
2026-06-29 14:05:53.393 [http-nio-8080-exec-5] DEBUG org.hibernate.SQL - update coordinates set tour_route_id=? where id=?
2026-06-29 14:05:53.393 [http-nio-8080-exec-4] TRACE org.hibernate.orm.jdbc.bind - binding parameter (1:BIGINT) <- [7]
2026-06-29 14:05:53.394 [http-nio-8080-exec-5] TRACE org.hibernate.orm.jdbc.bind - binding parameter (1:BIGINT) <- [8]
2026-06-29 14:05:53.394 [http-nio-8080-exec-4] TRACE org.hibernate.orm.jdbc.bind - binding parameter (2:BIGINT) <- [1139]
2026-06-29 14:05:53.395 [http-nio-8080-exec-5] TRACE org.hibernate.orm.jdbc.bind - binding parameter (2:BIGINT) <- [1142]
2026-06-29 14:05:53.397 [http-nio-8080-exec-4] DEBUG org.hibernate.SQL - update coordinates set tour_route_id=? where id=?
2026-06-29 14:05:53.397 [http-nio-8080-exec-5] DEBUG org.hibernate.SQL - update coordinates set tour_route_id=? where id=?
2026-06-29 14:05:53.398 [http-nio-8080-exec-4] TRACE org.hibernate.orm.jdbc.bind - binding parameter (1:BIGINT) <- [7]
2026-06-29 14:05:53.399 [http-nio-8080-exec-5] TRACE org.hibernate.orm.jdbc.bind - binding parameter (1:BIGINT) <- [8]
2026-06-29 14:05:53.399 [http-nio-8080-exec-4] TRACE org.hibernate.orm.jdbc.bind - binding parameter (2:BIGINT) <- [1141]
2026-06-29 14:05:53.400 [http-nio-8080-exec-5] TRACE org.hibernate.orm.jdbc.bind - binding parameter (2:BIGINT) <- [1144]
2026-06-29 14:05:53.402 [http-nio-8080-exec-4] DEBUG org.hibernate.SQL - update coordinates set tour_route_id=? where id=?
2026-06-29 14:05:53.402 [http-nio-8080-exec-5] DEBUG org.hibernate.SQL - update coordinates set tour_route_id=? where id=?
2026-06-29 14:05:53.403 [http-nio-8080-exec-4] TRACE org.hibernate.orm.jdbc.bind - binding parameter (1:BIGINT) <- [7]
2026-06-29 14:05:53.403 [http-nio-8080-exec-5] TRACE org.hibernate.orm.jdbc.bind - binding parameter (1:BIGINT) <- [8]
2026-06-29 14:05:53.404 [http-nio-8080-exec-4] TRACE org.hibernate.orm.jdbc.bind - binding parameter (2:BIGINT) <- [1143]
2026-06-29 14:05:53.405 [http-nio-8080-exec-5] TRACE org.hibernate.orm.jdbc.bind - binding parameter (2:BIGINT) <- [1146]
2026-06-29 14:05:53.406 [http-nio-8080-exec-4] DEBUG org.hibernate.SQL - update coordinates set tour_route_id=? where id=?
2026-06-29 14:05:53.407 [http-nio-8080-exec-5] DEBUG org.hibernate.SQL - update coordinates set tour_route_id=? where id=?
2026-06-29 14:05:53.408 [http-nio-8080-exec-4] TRACE org.hibernate.orm.jdbc.bind - binding parameter (1:BIGINT) <- [7]
2026-06-29 14:05:53.409 [http-nio-8080-exec-5] TRACE org.hibernate.orm.jdbc.bind - binding parameter (1:BIGINT) <- [8]
2026-06-29 14:05:53.409 [http-nio-8080-exec-4] TRACE org.hibernate.orm.jdbc.bind - binding parameter (2:BIGINT) <- [1145]
2026-06-29 14:05:53.410 [http-nio-8080-exec-5] TRACE org.hibernate.orm.jdbc.bind - binding parameter (2:BIGINT) <- [1148]
2026-06-29 14:05:53.412 [http-nio-8080-exec-4] DEBUG org.hibernate.SQL - update coordinates set tour_route_id=? where id=?
2026-06-29 14:05:53.412 [http-nio-8080-exec-5] DEBUG org.hibernate.SQL - update coordinates set tour_route_id=? where id=?
2026-06-29 14:05:53.413 [http-nio-8080-exec-4] TRACE org.hibernate.orm.jdbc.bind - binding parameter (1:BIGINT) <- [7]
2026-06-29 14:05:53.413 [http-nio-8080-exec-5] TRACE org.hibernate.orm.jdbc.bind - binding parameter (1:BIGINT) <- [8]
2026-06-29 14:05:53.414 [http-nio-8080-exec-4] TRACE org.hibernate.orm.jdbc.bind - binding parameter (2:BIGINT) <- [1147]
2026-06-29 14:05:53.414 [http-nio-8080-exec-5] TRACE org.hibernate.orm.jdbc.bind - binding parameter (2:BIGINT) <- [1150]
2026-06-29 14:05:53.416 [http-nio-8080-exec-4] DEBUG org.hibernate.SQL - update coordinates set tour_route_id=? where id=?
2026-06-29 14:05:53.417 [http-nio-8080-exec-4] TRACE org.hibernate.orm.jdbc.bind - binding parameter (1:BIGINT) <- [7]
2026-06-29 14:05:53.417 [http-nio-8080-exec-5] DEBUG org.hibernate.SQL - update coordinates set tour_route_id=? where id=?
2026-06-29 14:05:53.418 [http-nio-8080-exec-4] TRACE org.hibernate.orm.jdbc.bind - binding parameter (2:BIGINT) <- [1149]
2026-06-29 14:05:53.419 [http-nio-8080-exec-5] TRACE org.hibernate.orm.jdbc.bind - binding parameter (1:BIGINT) <- [8]
2026-06-29 14:05:53.421 [http-nio-8080-exec-5] TRACE org.hibernate.orm.jdbc.bind - binding parameter (2:BIGINT) <- [1152]
2026-06-29 14:05:53.422 [http-nio-8080-exec-4] DEBUG org.hibernate.SQL - update coordinates set tour_route_id=? where id=?
2026-06-29 14:05:53.423 [http-nio-8080-exec-4] TRACE org.hibernate.orm.jdbc.bind - binding parameter (1:BIGINT) <- [7]
2026-06-29 14:05:53.424 [http-nio-8080-exec-4] TRACE org.hibernate.orm.jdbc.bind - binding parameter (2:BIGINT) <- [1151]
2026-06-29 14:05:53.425 [http-nio-8080-exec-5] DEBUG org.hibernate.SQL - update coordinates set tour_route_id=? where id=?
2026-06-29 14:05:53.426 [http-nio-8080-exec-4] DEBUG org.hibernate.SQL - update coordinates set tour_route_id=? where id=?
2026-06-29 14:05:53.426 [http-nio-8080-exec-5] TRACE org.hibernate.orm.jdbc.bind - binding parameter (1:BIGINT) <- [8]
2026-06-29 14:05:53.427 [http-nio-8080-exec-4] TRACE org.hibernate.orm.jdbc.bind - binding parameter (1:BIGINT) <- [7]
2026-06-29 14:05:53.427 [http-nio-8080-exec-5] TRACE org.hibernate.orm.jdbc.bind - binding parameter (2:BIGINT) <- [1154]
2026-06-29 14:05:53.428 [http-nio-8080-exec-4] TRACE org.hibernate.orm.jdbc.bind - binding parameter (2:BIGINT) <- [1153]
2026-06-29 14:05:53.430 [http-nio-8080-exec-5] DEBUG org.hibernate.SQL - update coordinates set tour_route_id=? where id=?
2026-06-29 14:05:53.430 [http-nio-8080-exec-4] DEBUG org.hibernate.SQL - update coordinates set tour_route_id=? where id=?
2026-06-29 14:05:53.431 [http-nio-8080-exec-5] TRACE org.hibernate.orm.jdbc.bind - binding parameter (1:BIGINT) <- [8]
2026-06-29 14:05:53.431 [http-nio-8080-exec-4] TRACE org.hibernate.orm.jdbc.bind - binding parameter (1:BIGINT) <- [7]
2026-06-29 14:05:53.432 [http-nio-8080-exec-5] TRACE org.hibernate.orm.jdbc.bind - binding parameter (2:BIGINT) <- [1156]
2026-06-29 14:05:53.432 [http-nio-8080-exec-4] TRACE org.hibernate.orm.jdbc.bind - binding parameter (2:BIGINT) <- [1155]
2026-06-29 14:05:53.434 [http-nio-8080-exec-5] DEBUG org.hibernate.SQL - update coordinates set tour_route_id=? where id=?
2026-06-29 14:05:53.435 [http-nio-8080-exec-4] DEBUG org.hibernate.SQL - update coordinates set tour_route_id=? where id=?
2026-06-29 14:05:53.435 [http-nio-8080-exec-5] TRACE org.hibernate.orm.jdbc.bind - binding parameter (1:BIGINT) <- [8]
2026-06-29 14:05:53.436 [http-nio-8080-exec-4] TRACE org.hibernate.orm.jdbc.bind - binding parameter (1:BIGINT) <- [7]
2026-06-29 14:05:53.436 [http-nio-8080-exec-5] TRACE org.hibernate.orm.jdbc.bind - binding parameter (2:BIGINT) <- [1158]
2026-06-29 14:05:53.437 [http-nio-8080-exec-4] TRACE org.hibernate.orm.jdbc.bind - binding parameter (2:BIGINT) <- [1157]
2026-06-29 14:05:53.439 [http-nio-8080-exec-5] DEBUG org.hibernate.SQL - update coordinates set tour_route_id=? where id=?
2026-06-29 14:05:53.439 [http-nio-8080-exec-4] DEBUG org.hibernate.SQL - update coordinates set tour_route_id=? where id=?
2026-06-29 14:05:53.440 [http-nio-8080-exec-5] TRACE org.hibernate.orm.jdbc.bind - binding parameter (1:BIGINT) <- [8]
2026-06-29 14:05:53.440 [http-nio-8080-exec-4] TRACE org.hibernate.orm.jdbc.bind - binding parameter (1:BIGINT) <- [7]
2026-06-29 14:05:53.441 [http-nio-8080-exec-5] TRACE org.hibernate.orm.jdbc.bind - binding parameter (2:BIGINT) <- [1159]
2026-06-29 14:05:53.442 [http-nio-8080-exec-4] TRACE org.hibernate.orm.jdbc.bind - binding parameter (2:BIGINT) <- [1160]
2026-06-29 14:05:53.444 [http-nio-8080-exec-5] DEBUG org.hibernate.SQL - update coordinates set tour_route_id=? where id=?
2026-06-29 14:05:53.445 [http-nio-8080-exec-4] DEBUG org.hibernate.SQL - update coordinates set tour_route_id=? where id=?
2026-06-29 14:05:53.445 [http-nio-8080-exec-5] TRACE org.hibernate.orm.jdbc.bind - binding parameter (1:BIGINT) <- [8]
2026-06-29 14:05:53.446 [http-nio-8080-exec-4] TRACE org.hibernate.orm.jdbc.bind - binding parameter (1:BIGINT) <- [7]
2026-06-29 14:05:53.446 [http-nio-8080-exec-5] TRACE org.hibernate.orm.jdbc.bind - binding parameter (2:BIGINT) <- [1161]
2026-06-29 14:05:53.447 [http-nio-8080-exec-4] TRACE org.hibernate.orm.jdbc.bind - binding parameter (2:BIGINT) <- [1162]
2026-06-29 14:05:53.449 [http-nio-8080-exec-5] DEBUG org.hibernate.SQL - update coordinates set tour_route_id=? where id=?
2026-06-29 14:05:53.449 [http-nio-8080-exec-4] DEBUG org.hibernate.SQL - update coordinates set tour_route_id=? where id=?
2026-06-29 14:05:53.450 [http-nio-8080-exec-4] TRACE org.hibernate.orm.jdbc.bind - binding parameter (1:BIGINT) <- [7]
2026-06-29 14:05:53.451 [http-nio-8080-exec-5] TRACE org.hibernate.orm.jdbc.bind - binding parameter (1:BIGINT) <- [8]
2026-06-29 14:05:53.451 [http-nio-8080-exec-4] TRACE org.hibernate.orm.jdbc.bind - binding parameter (2:BIGINT) <- [1164]
2026-06-29 14:05:53.452 [http-nio-8080-exec-5] TRACE org.hibernate.orm.jdbc.bind - binding parameter (2:BIGINT) <- [1163]
2026-06-29 14:05:53.454 [http-nio-8080-exec-4] DEBUG org.hibernate.SQL - update coordinates set tour_route_id=? where id=?
2026-06-29 14:05:53.455 [http-nio-8080-exec-5] DEBUG org.hibernate.SQL - update coordinates set tour_route_id=? where id=?
2026-06-29 14:05:53.455 [http-nio-8080-exec-4] TRACE org.hibernate.orm.jdbc.bind - binding parameter (1:BIGINT) <- [7]
2026-06-29 14:05:53.456 [http-nio-8080-exec-5] TRACE org.hibernate.orm.jdbc.bind - binding parameter (1:BIGINT) <- [8]
2026-06-29 14:05:53.457 [http-nio-8080-exec-4] TRACE org.hibernate.orm.jdbc.bind - binding parameter (2:BIGINT) <- [1166]
2026-06-29 14:05:53.457 [http-nio-8080-exec-5] TRACE org.hibernate.orm.jdbc.bind - binding parameter (2:BIGINT) <- [1165]
2026-06-29 14:05:53.459 [http-nio-8080-exec-4] DEBUG org.hibernate.SQL - update coordinates set tour_route_id=? where id=?
2026-06-29 14:05:53.460 [http-nio-8080-exec-5] DEBUG org.hibernate.SQL - update coordinates set tour_route_id=? where id=?
2026-06-29 14:05:53.460 [http-nio-8080-exec-4] TRACE org.hibernate.orm.jdbc.bind - binding parameter (1:BIGINT) <- [7]
2026-06-29 14:05:53.461 [http-nio-8080-exec-5] TRACE org.hibernate.orm.jdbc.bind - binding parameter (1:BIGINT) <- [8]
2026-06-29 14:05:53.461 [http-nio-8080-exec-4] TRACE org.hibernate.orm.jdbc.bind - binding parameter (2:BIGINT) <- [1168]
2026-06-29 14:05:53.462 [http-nio-8080-exec-5] TRACE org.hibernate.orm.jdbc.bind - binding parameter (2:BIGINT) <- [1167]
2026-06-29 14:05:53.464 [http-nio-8080-exec-4] DEBUG org.hibernate.SQL - update coordinates set tour_route_id=? where id=?
2026-06-29 14:05:53.465 [http-nio-8080-exec-5] DEBUG org.hibernate.SQL - update coordinates set tour_route_id=? where id=?
2026-06-29 14:05:53.465 [http-nio-8080-exec-4] TRACE org.hibernate.orm.jdbc.bind - binding parameter (1:BIGINT) <- [7]
2026-06-29 14:05:53.466 [http-nio-8080-exec-5] TRACE org.hibernate.orm.jdbc.bind - binding parameter (1:BIGINT) <- [8]
2026-06-29 14:05:53.466 [http-nio-8080-exec-4] TRACE org.hibernate.orm.jdbc.bind - binding parameter (2:BIGINT) <- [1170]
2026-06-29 14:05:53.467 [http-nio-8080-exec-5] TRACE org.hibernate.orm.jdbc.bind - binding parameter (2:BIGINT) <- [1169]
2026-06-29 14:05:53.469 [http-nio-8080-exec-4] DEBUG org.hibernate.SQL - update coordinates set tour_route_id=? where id=?
2026-06-29 14:05:53.469 [http-nio-8080-exec-5] DEBUG org.hibernate.SQL - update coordinates set tour_route_id=? where id=?
2026-06-29 14:05:53.470 [http-nio-8080-exec-4] TRACE org.hibernate.orm.jdbc.bind - binding parameter (1:BIGINT) <- [7]
2026-06-29 14:05:53.470 [http-nio-8080-exec-5] TRACE org.hibernate.orm.jdbc.bind - binding parameter (1:BIGINT) <- [8]
2026-06-29 14:05:53.471 [http-nio-8080-exec-4] TRACE org.hibernate.orm.jdbc.bind - binding parameter (2:BIGINT) <- [1171]
2026-06-29 14:05:53.471 [http-nio-8080-exec-5] TRACE org.hibernate.orm.jdbc.bind - binding parameter (2:BIGINT) <- [1172]
2026-06-29 14:05:53.474 [http-nio-8080-exec-4] DEBUG org.hibernate.SQL - update coordinates set tour_route_id=? where id=?
2026-06-29 14:05:53.474 [http-nio-8080-exec-5] DEBUG org.hibernate.SQL - update coordinates set tour_route_id=? where id=?
2026-06-29 14:05:53.475 [http-nio-8080-exec-4] TRACE org.hibernate.orm.jdbc.bind - binding parameter (1:BIGINT) <- [7]
2026-06-29 14:05:53.475 [http-nio-8080-exec-5] TRACE org.hibernate.orm.jdbc.bind - binding parameter (1:BIGINT) <- [8]
2026-06-29 14:05:53.476 [http-nio-8080-exec-4] TRACE org.hibernate.orm.jdbc.bind - binding parameter (2:BIGINT) <- [1173]
2026-06-29 14:05:53.477 [http-nio-8080-exec-5] TRACE org.hibernate.orm.jdbc.bind - binding parameter (2:BIGINT) <- [1174]
2026-06-29 14:05:53.479 [http-nio-8080-exec-5] DEBUG org.hibernate.SQL - update coordinates set tour_route_id=? where id=?
2026-06-29 14:05:53.480 [http-nio-8080-exec-4] DEBUG org.hibernate.SQL - update coordinates set tour_route_id=? where id=?
2026-06-29 14:05:53.480 [http-nio-8080-exec-5] TRACE org.hibernate.orm.jdbc.bind - binding parameter (1:BIGINT) <- [8]
2026-06-29 14:05:53.481 [http-nio-8080-exec-4] TRACE org.hibernate.orm.jdbc.bind - binding parameter (1:BIGINT) <- [9]
2026-06-29 14:05:53.482 [http-nio-8080-exec-5] TRACE org.hibernate.orm.jdbc.bind - binding parameter (2:BIGINT) <- [1176]
2026-06-29 14:05:53.482 [http-nio-8080-exec-4] TRACE org.hibernate.orm.jdbc.bind - binding parameter (2:BIGINT) <- [1180]
2026-06-29 14:05:53.484 [http-nio-8080-exec-5] DEBUG org.hibernate.SQL - update coordinates set tour_route_id=? where id=?
2026-06-29 14:05:53.484 [http-nio-8080-exec-4] DEBUG org.hibernate.SQL - update coordinates set tour_route_id=? where id=?
2026-06-29 14:05:53.485 [http-nio-8080-exec-5] TRACE org.hibernate.orm.jdbc.bind - binding parameter (1:BIGINT) <- [10]
2026-06-29 14:05:53.486 [http-nio-8080-exec-4] TRACE org.hibernate.orm.jdbc.bind - binding parameter (1:BIGINT) <- [9]
2026-06-29 14:05:53.486 [http-nio-8080-exec-5] TRACE org.hibernate.orm.jdbc.bind - binding parameter (2:BIGINT) <- [1183]
2026-06-29 14:05:53.487 [http-nio-8080-exec-4] TRACE org.hibernate.orm.jdbc.bind - binding parameter (2:BIGINT) <- [1181]
2026-06-29 14:05:53.488 [http-nio-8080-exec-5] DEBUG org.hibernate.SQL - update coordinates set tour_route_id=? where id=?
2026-06-29 14:05:53.489 [http-nio-8080-exec-4] DEBUG org.hibernate.SQL - update coordinates set tour_route_id=? where id=?
2026-06-29 14:05:53.489 [http-nio-8080-exec-5] TRACE org.hibernate.orm.jdbc.bind - binding parameter (1:BIGINT) <- [10]
2026-06-29 14:05:53.490 [http-nio-8080-exec-4] TRACE org.hibernate.orm.jdbc.bind - binding parameter (1:BIGINT) <- [9]
2026-06-29 14:05:53.491 [http-nio-8080-exec-5] TRACE org.hibernate.orm.jdbc.bind - binding parameter (2:BIGINT) <- [1184]
2026-06-29 14:05:53.492 [http-nio-8080-exec-4] TRACE org.hibernate.orm.jdbc.bind - binding parameter (2:BIGINT) <- [1182]
2026-06-29 14:05:53.493 [http-nio-8080-exec-5] DEBUG org.hibernate.SQL - update coordinates set tour_route_id=? where id=?
2026-06-29 14:05:53.494 [http-nio-8080-exec-4] DEBUG org.hibernate.SQL - update coordinates set tour_route_id=? where id=?
2026-06-29 14:05:53.494 [http-nio-8080-exec-5] TRACE org.hibernate.orm.jdbc.bind - binding parameter (1:BIGINT) <- [10]
2026-06-29 14:05:53.495 [http-nio-8080-exec-4] TRACE org.hibernate.orm.jdbc.bind - binding parameter (1:BIGINT) <- [9]
2026-06-29 14:05:53.495 [http-nio-8080-exec-5] TRACE org.hibernate.orm.jdbc.bind - binding parameter (2:BIGINT) <- [1186]
2026-06-29 14:05:53.496 [http-nio-8080-exec-4] TRACE org.hibernate.orm.jdbc.bind - binding parameter (2:BIGINT) <- [1185]
2026-06-29 14:05:53.497 [http-nio-8080-exec-5] DEBUG org.hibernate.SQL - update coordinates set tour_route_id=? where id=?
2026-06-29 14:05:53.498 [http-nio-8080-exec-4] DEBUG org.hibernate.SQL - update coordinates set tour_route_id=? where id=?
2026-06-29 14:05:53.499 [http-nio-8080-exec-5] TRACE org.hibernate.orm.jdbc.bind - binding parameter (1:BIGINT) <- [10]
2026-06-29 14:05:53.499 [http-nio-8080-exec-4] TRACE org.hibernate.orm.jdbc.bind - binding parameter (1:BIGINT) <- [9]
2026-06-29 14:05:53.500 [http-nio-8080-exec-5] TRACE org.hibernate.orm.jdbc.bind - binding parameter (2:BIGINT) <- [1188]
2026-06-29 14:05:53.500 [http-nio-8080-exec-4] TRACE org.hibernate.orm.jdbc.bind - binding parameter (2:BIGINT) <- [1187]
2026-06-29 14:05:53.502 [http-nio-8080-exec-5] DEBUG org.hibernate.SQL - update coordinates set tour_route_id=? where id=?
2026-06-29 14:05:53.502 [http-nio-8080-exec-4] DEBUG org.hibernate.SQL - update coordinates set tour_route_id=? where id=?
2026-06-29 14:05:53.503 [http-nio-8080-exec-5] TRACE org.hibernate.orm.jdbc.bind - binding parameter (1:BIGINT) <- [10]
2026-06-29 14:05:53.504 [http-nio-8080-exec-4] TRACE org.hibernate.orm.jdbc.bind - binding parameter (1:BIGINT) <- [9]
2026-06-29 14:05:53.504 [http-nio-8080-exec-5] TRACE org.hibernate.orm.jdbc.bind - binding parameter (2:BIGINT) <- [1191]
2026-06-29 14:05:53.505 [http-nio-8080-exec-4] TRACE org.hibernate.orm.jdbc.bind - binding parameter (2:BIGINT) <- [1189]
2026-06-29 14:05:53.506 [http-nio-8080-exec-5] DEBUG org.hibernate.SQL - update coordinates set tour_route_id=? where id=?
2026-06-29 14:05:53.507 [http-nio-8080-exec-4] DEBUG org.hibernate.SQL - update coordinates set tour_route_id=? where id=?
2026-06-29 14:05:53.507 [http-nio-8080-exec-5] TRACE org.hibernate.orm.jdbc.bind - binding parameter (1:BIGINT) <- [10]
2026-06-29 14:05:53.508 [http-nio-8080-exec-4] TRACE org.hibernate.orm.jdbc.bind - binding parameter (1:BIGINT) <- [9]
2026-06-29 14:05:53.509 [http-nio-8080-exec-5] TRACE org.hibernate.orm.jdbc.bind - binding parameter (2:BIGINT) <- [1193]
2026-06-29 14:05:53.509 [http-nio-8080-exec-4] TRACE org.hibernate.orm.jdbc.bind - binding parameter (2:BIGINT) <- [1190]
2026-06-29 14:05:53.511 [http-nio-8080-exec-5] DEBUG org.hibernate.SQL - update coordinates set tour_route_id=? where id=?
2026-06-29 14:05:53.512 [http-nio-8080-exec-4] DEBUG org.hibernate.SQL - update coordinates set tour_route_id=? where id=?
2026-06-29 14:05:53.512 [http-nio-8080-exec-5] TRACE org.hibernate.orm.jdbc.bind - binding parameter (1:BIGINT) <- [10]
2026-06-29 14:05:53.513 [http-nio-8080-exec-4] TRACE org.hibernate.orm.jdbc.bind - binding parameter (1:BIGINT) <- [9]
2026-06-29 14:05:53.513 [http-nio-8080-exec-5] TRACE org.hibernate.orm.jdbc.bind - binding parameter (2:BIGINT) <- [1195]
2026-06-29 14:05:53.514 [http-nio-8080-exec-4] TRACE org.hibernate.orm.jdbc.bind - binding parameter (2:BIGINT) <- [1192]
2026-06-29 14:05:53.515 [http-nio-8080-exec-5] DEBUG org.hibernate.SQL - update coordinates set tour_route_id=? where id=?
2026-06-29 14:05:53.516 [http-nio-8080-exec-4] DEBUG org.hibernate.SQL - update coordinates set tour_route_id=? where id=?
2026-06-29 14:05:53.516 [http-nio-8080-exec-5] TRACE org.hibernate.orm.jdbc.bind - binding parameter (1:BIGINT) <- [10]
2026-06-29 14:05:53.517 [http-nio-8080-exec-4] TRACE org.hibernate.orm.jdbc.bind - binding parameter (1:BIGINT) <- [9]
2026-06-29 14:05:53.517 [http-nio-8080-exec-5] TRACE org.hibernate.orm.jdbc.bind - binding parameter (2:BIGINT) <- [1197]
2026-06-29 14:05:53.518 [http-nio-8080-exec-4] TRACE org.hibernate.orm.jdbc.bind - binding parameter (2:BIGINT) <- [1194]
2026-06-29 14:05:53.520 [http-nio-8080-exec-5] DEBUG org.hibernate.SQL - update coordinates set tour_route_id=? where id=?
2026-06-29 14:05:53.521 [http-nio-8080-exec-4] DEBUG org.hibernate.SQL - update coordinates set tour_route_id=? where id=?
2026-06-29 14:05:53.521 [http-nio-8080-exec-5] TRACE org.hibernate.orm.jdbc.bind - binding parameter (1:BIGINT) <- [10]
2026-06-29 14:05:53.522 [http-nio-8080-exec-4] TRACE org.hibernate.orm.jdbc.bind - binding parameter (1:BIGINT) <- [9]
2026-06-29 14:05:53.522 [http-nio-8080-exec-5] TRACE org.hibernate.orm.jdbc.bind - binding parameter (2:BIGINT) <- [1199]
2026-06-29 14:05:53.523 [http-nio-8080-exec-4] TRACE org.hibernate.orm.jdbc.bind - binding parameter (2:BIGINT) <- [1196]
2026-06-29 14:05:53.525 [http-nio-8080-exec-5] DEBUG org.hibernate.SQL - update coordinates set tour_route_id=? where id=?
2026-06-29 14:05:53.525 [http-nio-8080-exec-4] DEBUG org.hibernate.SQL - update coordinates set tour_route_id=? where id=?
2026-06-29 14:05:53.526 [http-nio-8080-exec-5] TRACE org.hibernate.orm.jdbc.bind - binding parameter (1:BIGINT) <- [10]
2026-06-29 14:05:53.526 [http-nio-8080-exec-4] TRACE org.hibernate.orm.jdbc.bind - binding parameter (1:BIGINT) <- [9]
2026-06-29 14:05:53.527 [http-nio-8080-exec-5] TRACE org.hibernate.orm.jdbc.bind - binding parameter (2:BIGINT) <- [1201]
2026-06-29 14:05:53.528 [http-nio-8080-exec-4] TRACE org.hibernate.orm.jdbc.bind - binding parameter (2:BIGINT) <- [1198]
2026-06-29 14:05:53.529 [http-nio-8080-exec-5] DEBUG org.hibernate.SQL - update coordinates set tour_route_id=? where id=?
2026-06-29 14:05:53.530 [http-nio-8080-exec-4] DEBUG org.hibernate.SQL - update coordinates set tour_route_id=? where id=?
2026-06-29 14:05:53.530 [http-nio-8080-exec-5] TRACE org.hibernate.orm.jdbc.bind - binding parameter (1:BIGINT) <- [10]
2026-06-29 14:05:53.531 [http-nio-8080-exec-4] TRACE org.hibernate.orm.jdbc.bind - binding parameter (1:BIGINT) <- [9]
2026-06-29 14:05:53.531 [http-nio-8080-exec-5] TRACE org.hibernate.orm.jdbc.bind - binding parameter (2:BIGINT) <- [1203]
2026-06-29 14:05:53.532 [http-nio-8080-exec-4] TRACE org.hibernate.orm.jdbc.bind - binding parameter (2:BIGINT) <- [1200]
2026-06-29 14:05:53.534 [http-nio-8080-exec-5] DEBUG org.hibernate.SQL - update coordinates set tour_route_id=? where id=?
2026-06-29 14:05:53.534 [http-nio-8080-exec-4] DEBUG org.hibernate.SQL - update coordinates set tour_route_id=? where id=?
2026-06-29 14:05:53.535 [http-nio-8080-exec-5] TRACE org.hibernate.orm.jdbc.bind - binding parameter (1:BIGINT) <- [10]
2026-06-29 14:05:53.536 [http-nio-8080-exec-5] TRACE org.hibernate.orm.jdbc.bind - binding parameter (2:BIGINT) <- [1205]
2026-06-29 14:05:53.536 [http-nio-8080-exec-4] TRACE org.hibernate.orm.jdbc.bind - binding parameter (1:BIGINT) <- [9]
2026-06-29 14:05:53.538 [http-nio-8080-exec-4] TRACE org.hibernate.orm.jdbc.bind - binding parameter (2:BIGINT) <- [1202]
2026-06-29 14:05:53.538 [http-nio-8080-exec-5] DEBUG org.hibernate.SQL - update coordinates set tour_route_id=? where id=?
2026-06-29 14:05:53.539 [http-nio-8080-exec-5] TRACE org.hibernate.orm.jdbc.bind - binding parameter (1:BIGINT) <- [10]
2026-06-29 14:05:53.539 [http-nio-8080-exec-4] DEBUG org.hibernate.SQL - update coordinates set tour_route_id=? where id=?
2026-06-29 14:05:53.540 [http-nio-8080-exec-5] TRACE org.hibernate.orm.jdbc.bind - binding parameter (2:BIGINT) <- [1207]
2026-06-29 14:05:53.541 [http-nio-8080-exec-4] TRACE org.hibernate.orm.jdbc.bind - binding parameter (1:BIGINT) <- [9]
2026-06-29 14:05:53.542 [http-nio-8080-exec-4] TRACE org.hibernate.orm.jdbc.bind - binding parameter (2:BIGINT) <- [1204]
2026-06-29 14:05:53.542 [http-nio-8080-exec-5] DEBUG org.hibernate.SQL - update coordinates set tour_route_id=? where id=?
2026-06-29 14:05:53.544 [http-nio-8080-exec-5] TRACE org.hibernate.orm.jdbc.bind - binding parameter (1:BIGINT) <- [10]
2026-06-29 14:05:53.544 [http-nio-8080-exec-4] DEBUG org.hibernate.SQL - update coordinates set tour_route_id=? where id=?
2026-06-29 14:05:53.544 [http-nio-8080-exec-5] TRACE org.hibernate.orm.jdbc.bind - binding parameter (2:BIGINT) <- [1209]
2026-06-29 14:05:53.545 [http-nio-8080-exec-4] TRACE org.hibernate.orm.jdbc.bind - binding parameter (1:BIGINT) <- [9]
2026-06-29 14:05:53.546 [http-nio-8080-exec-4] TRACE org.hibernate.orm.jdbc.bind - binding parameter (2:BIGINT) <- [1206]
2026-06-29 14:05:53.547 [http-nio-8080-exec-5] DEBUG org.hibernate.SQL - update coordinates set tour_route_id=? where id=?
2026-06-29 14:05:53.548 [http-nio-8080-exec-5] TRACE org.hibernate.orm.jdbc.bind - binding parameter (1:BIGINT) <- [10]
2026-06-29 14:05:53.548 [http-nio-8080-exec-4] DEBUG org.hibernate.SQL - update coordinates set tour_route_id=? where id=?
2026-06-29 14:05:53.549 [http-nio-8080-exec-5] TRACE org.hibernate.orm.jdbc.bind - binding parameter (2:BIGINT) <- [1211]
2026-06-29 14:05:53.550 [http-nio-8080-exec-4] TRACE org.hibernate.orm.jdbc.bind - binding parameter (1:BIGINT) <- [9]
2026-06-29 14:05:53.551 [http-nio-8080-exec-4] TRACE org.hibernate.orm.jdbc.bind - binding parameter (2:BIGINT) <- [1208]
2026-06-29 14:05:53.551 [http-nio-8080-exec-5] DEBUG org.hibernate.SQL - update coordinates set tour_route_id=? where id=?
2026-06-29 14:05:53.552 [http-nio-8080-exec-5] TRACE org.hibernate.orm.jdbc.bind - binding parameter (1:BIGINT) <- [10]
2026-06-29 14:05:53.552 [http-nio-8080-exec-4] DEBUG org.hibernate.SQL - update coordinates set tour_route_id=? where id=?
2026-06-29 14:05:53.553 [http-nio-8080-exec-5] TRACE org.hibernate.orm.jdbc.bind - binding parameter (2:BIGINT) <- [1213]
2026-06-29 14:05:53.554 [http-nio-8080-exec-4] TRACE org.hibernate.orm.jdbc.bind - binding parameter (1:BIGINT) <- [9]
2026-06-29 14:05:53.555 [http-nio-8080-exec-4] TRACE org.hibernate.orm.jdbc.bind - binding parameter (2:BIGINT) <- [1210]
2026-06-29 14:05:53.555 [http-nio-8080-exec-5] DEBUG org.hibernate.SQL - update coordinates set tour_route_id=? where id=?
2026-06-29 14:05:53.556 [http-nio-8080-exec-5] TRACE org.hibernate.orm.jdbc.bind - binding parameter (1:BIGINT) <- [10]
2026-06-29 14:05:53.556 [http-nio-8080-exec-4] DEBUG org.hibernate.SQL - update coordinates set tour_route_id=? where id=?
2026-06-29 14:05:53.557 [http-nio-8080-exec-5] TRACE org.hibernate.orm.jdbc.bind - binding parameter (2:BIGINT) <- [1215]
2026-06-29 14:05:53.558 [http-nio-8080-exec-4] TRACE org.hibernate.orm.jdbc.bind - binding parameter (1:BIGINT) <- [9]
2026-06-29 14:05:53.559 [http-nio-8080-exec-4] TRACE org.hibernate.orm.jdbc.bind - binding parameter (2:BIGINT) <- [1212]
2026-06-29 14:05:53.559 [http-nio-8080-exec-5] DEBUG org.hibernate.SQL - update coordinates set tour_route_id=? where id=?
2026-06-29 14:05:53.561 [http-nio-8080-exec-5] TRACE org.hibernate.orm.jdbc.bind - binding parameter (1:BIGINT) <- [10]
2026-06-29 14:05:53.561 [http-nio-8080-exec-4] DEBUG org.hibernate.SQL - update coordinates set tour_route_id=? where id=?
2026-06-29 14:05:53.561 [http-nio-8080-exec-5] TRACE org.hibernate.orm.jdbc.bind - binding parameter (2:BIGINT) <- [1216]
2026-06-29 14:05:53.562 [http-nio-8080-exec-4] TRACE org.hibernate.orm.jdbc.bind - binding parameter (1:BIGINT) <- [9]
2026-06-29 14:05:53.563 [http-nio-8080-exec-4] TRACE org.hibernate.orm.jdbc.bind - binding parameter (2:BIGINT) <- [1214]
2026-06-29 14:05:53.564 [http-nio-8080-exec-5] DEBUG org.hibernate.SQL - update coordinates set tour_route_id=? where id=?
2026-06-29 14:05:53.565 [http-nio-8080-exec-5] TRACE org.hibernate.orm.jdbc.bind - binding parameter (1:BIGINT) <- [10]
2026-06-29 14:05:53.566 [http-nio-8080-exec-5] TRACE org.hibernate.orm.jdbc.bind - binding parameter (2:BIGINT) <- [1217]
2026-06-29 14:05:53.573 [http-nio-8080-exec-4] INFO  org.tour.tourplannerbackend.controller.TourController - Tour created successfully. tourId=6
2026-06-29 14:05:53.576 [http-nio-8080-exec-5] INFO  org.tour.tourplannerbackend.controller.TourController - Tour created successfully. tourId=7
